,exp_no,a_type_id,a_type,img_no,seg_type,mask_type,target_segs,segs,use_stratification,epochs,num_samples,sig_factor,sigma,score_function,g_x,r2_score,cv_beta,heat_max,beta_max,threshold_lm,rc_y,IoU_lm_max,IoU_lm_mean,IoU_lm_std,IoU_sp_max,IoU_sp_mean,IoU_sp_std,threshold_sp,anomaly_score,anomaly_score_val,AM_roc_score,auroc,auroc_gs1,auroc_gs2,LIME_roc_abs
0,1,0,good,0,quickshift,blend_2,100,100,False,30000,5000,3,0.2976433502655619,lm_p_maxloss,19.567534180924927,0.9950259363280867,1.7148456835227708,1.6705393,1.6705392071470657,1.6705393,inf,0.0,0.0,0.0,0.0,0.0,0.0,0.004096731582346062,0.36917284,19.50085,0.0,0.0,0.0,0.0,0.0
1,2,0,good,0,quickshift,blend_3,100,100,False,30000,5000,3,0.29550726492136076,lm_p_maxloss,19.55492314878863,0.9950192793103808,1.6981150798720341,1.3615971,1.361597034536994,1.3615971,inf,0.0,0.0,0.0,0.0,0.0,0.0,0.004096731582346062,0.36917284,19.50085,0.0,0.0,0.0,0.0,0.0
2,3,0,good,1,quickshift,blend_2,100,100,False,30000,5000,3,0.4778235637887515,lm_p_maxloss,24.564488173773736,0.9962132044194012,2.0643271748378806,2.890568,2.890568030571169,2.890568,inf,0.0,0.0,0.0,0.0,0.0,0.0,0.005056803299036498,0.28849027,24.587036,0.0,0.0,0.0,0.0,0.0
3,4,0,good,1,quickshift,blend_3,100,100,False,30000,5000,3,0.511181988510071,lm_p_maxloss,24.55238672687836,0.9966887180729335,2.2059027761522834,3.2237558,3.223755881357282,3.2237558,inf,0.0,0.0,0.0,0.0,0.0,0.0,0.005056803299036498,0.28849027,24.587036,0.0,0.0,0.0,0.0,0.0
4,5,0,good,2,quickshift,blend_2,100,100,False,30000,5000,3,0.2829785161037938,lm_p_maxloss,20.069483951861713,0.9956458795315468,1.6173363771784248,1.5675133,1.5675133805707617,1.5675133,inf,0.0,0.0,0.0,0.0,0.0,0.0,0.0030042478513981528,0.2816726,20.102152,0.0,0.0,0.0,0.0,0.0
5,6,0,good,2,quickshift,blend_3,100,100,False,30000,5000,3,0.3021107872563663,lm_p_maxloss,20.061006813021855,0.9950298774038174,1.731002021826619,1.6867845,1.6867844480689798,1.6867845,inf,0.0,0.0,0.0,0.0,0.0,0.0,0.0030042478513981528,0.2816726,20.102152,0.0,0.0,0.0,0.0,0.0
6,7,0,good,3,quickshift,blend_2,100,100,False,30000,5000,3,0.42884170744862593,lm_p_maxloss,27.243429981046624,0.9803438952094996,1.7556732111191904,2.6327524,2.6327523132317645,2.6327524,inf,0.0,0.0,0.0,0.0,0.0,0.0,0.005661250247309606,0.29258174,27.576553,0.0,0.0,0.0,0.0,0.0
7,8,0,good,3,quickshift,blend_3,100,100,False,30000,5000,3,0.5167867016753236,lm_p_maxloss,27.350225749271853,0.986057711272107,2.107994488627634,2.989371,2.9893709836091693,2.989371,inf,0.0,0.0,0.0,0.0,0.0,0.0,0.005661250247309606,0.29258174,27.576553,0.0,0.0,0.0,0.0,0.0
8,9,0,good,4,quickshift,blend_2,100,100,False,30000,5000,3,0.3799624221926434,lm_p_maxloss,27.40643135284946,0.9914271089038427,1.6763120419513293,2.6319885,2.631988494981522,2.6319885,inf,0.0,0.0,0.0,0.0,0.0,0.0,0.0074047989619430155,0.3135944,27.23207,0.0,0.0,0.0,0.0,0.0
9,10,0,good,4,quickshift,blend_3,100,100,False,30000,5000,3,0.4387501582965794,lm_p_maxloss,27.360223069762466,0.9921085358386172,1.9478194524646224,3.189136,3.1891361187598632,3.189136,inf,0.0,0.0,0.0,0.0,0.0,0.0,0.0074047989619430155,0.3135944,27.23207,0.0,0.0,0.0,0.0,0.0
10,11,0,good,5,quickshift,blend_2,100,100,False,30000,5000,3,0.3674295974501793,lm_p_maxloss,28.50457583574317,0.9860467645779235,1.6212921039852337,1.8003594,1.8003593237807551,1.8003594,inf,0.0,0.0,0.0,0.0,0.0,0.0,0.004718169181918104,0.3596251,28.338972,0.0,0.0,0.0,0.0,0.0
11,12,0,good,5,quickshift,blend_3,100,100,False,30000,5000,3,0.3590437848145941,lm_p_maxloss,28.579130668345535,0.9861745137506026,1.5846829314844606,1.5538925,1.5538925280036666,1.5538925,inf,0.0,0.0,0.0,0.0,0.0,0.0,0.004718169181918104,0.3596251,28.338972,0.0,0.0,0.0,0.0,0.0
12,13,0,good,6,quickshift,blend_2,100,100,False,30000,5000,3,0.3352957126569554,lm_p_maxloss,25.74890036790314,0.9898358445728537,1.4263317081872329,1.9484613,1.948461315481241,1.9484613,inf,0.0,0.0,0.0,0.0,0.0,0.0,0.0033334057588945143,0.2642216,25.280617,0.0,0.0,0.0,0.0,0.0
13,14,0,good,6,quickshift,blend_3,100,100,False,30000,5000,3,0.32496308978211885,lm_p_maxloss,25.7224092253811,0.9902107599311235,1.3869091484893512,1.3110275,1.3110275290735187,1.3110275,inf,0.0,0.0,0.0,0.0,0.0,0.0,0.0033334057588945143,0.2642216,25.280617,0.0,0.0,0.0,0.0,0.0
14,15,0,good,7,quickshift,blend_2,100,100,False,30000,5000,3,0.3182386700807083,lm_p_maxloss,17.19549718679558,0.9928821372818781,2.367471341895835,2.1777549,2.177754769363598,2.1777549,inf,0.0,0.0,0.0,0.0,0.0,0.0,0.003910679884332542,0.29597923,17.639444,0.0,0.0,0.0,0.0,0.0
15,16,0,good,7,quickshift,blend_3,100,100,False,30000,5000,3,0.30935575042350577,lm_p_maxloss,17.264234023514963,0.9913094638435652,2.270376307327892,1.9154795,1.9154795658388803,1.9154795,inf,0.0,0.0,0.0,0.0,0.0,0.0,0.003910679884332542,0.29597923,17.639444,0.0,0.0,0.0,0.0,0.0
16,17,0,good,8,quickshift,blend_2,100,100,False,30000,5000,3,0.4136566149230951,lm_p_maxloss,27.857437167675723,0.9950755726090894,1.6268246901221224,2.0442536,2.044253691212331,2.0442536,inf,0.0,0.0,0.0,0.0,0.0,0.0,0.0032921188685577363,0.33242,28.405447,0.0,0.0,0.0,0.0,0.0
17,18,0,good,8,quickshift,blend_3,100,100,False,30000,5000,3,0.41143717382146705,lm_p_maxloss,27.906181053354388,0.9940220901921888,1.6135890079282251,1.9900832,1.990083231056352,1.9900832,inf,0.0,0.0,0.0,0.0,0.0,0.0,0.0032921188685577363,0.33242,28.405447,0.0,0.0,0.0,0.0,0.0
18,19,0,good,9,quickshift,blend_2,100,100,False,30000,5000,3,0.39669417037465543,lm_p_maxloss,23.625829561472017,0.9979015466630142,1.7804613464685122,2.1456878,2.145687728716283,2.1456878,inf,0.0,0.0,0.0,0.0,0.0,0.0,0.003704758819367271,0.31307763,23.627554,0.0,0.0,0.0,0.0,0.0
19,20,0,good,9,quickshift,blend_3,100,100,False,30000,5000,3,0.4315953606457505,lm_p_maxloss,23.620068944557783,0.9985096851923959,1.9410999345744473,2.542091,2.5420908835097045,2.542091,inf,0.0,0.0,0.0,0.0,0.0,0.0,0.003704758819367271,0.31307763,23.627554,0.0,0.0,0.0,0.0,0.0
20,21,0,good,10,quickshift,blend_2,100,100,False,30000,5000,3,0.2529305373979495,lm_p_maxloss,17.168406998769875,0.9940251144586019,1.7549559084763964,1.3628138,1.3628138512304626,1.3628138,inf,0.0,0.0,0.0,0.0,0.0,0.0,0.0017454331245971844,0.2671088,17.213678,0.0,0.0,0.0,0.0,0.0
21,22,0,good,10,quickshift,blend_3,100,100,False,30000,5000,3,0.26116499617883415,lm_p_maxloss,17.129627232255586,0.9946108828001784,1.816372417336765,1.3660787,1.3660787279380737,1.3660787,inf,0.0,0.0,0.0,0.0,0.0,0.0,0.0017454331245971844,0.2671088,17.213678,0.0,0.0,0.0,0.0,0.0
22,23,0,good,11,quickshift,blend_2,100,100,False,30000,5000,3,0.551610452871378,lm_p_maxloss,30.204246546144944,0.9919335845404675,2.1645201106482137,4.4965267,4.4965265774406005,4.4965267,inf,0.0,0.0,0.0,0.0,0.0,0.0,0.011217810679227114,0.472783,30.336376,0.0,0.0,0.0,0.0,0.0
23,24,0,good,11,quickshift,blend_3,100,100,False,30000,5000,3,0.4915303704346345,lm_p_maxloss,30.31603789590024,0.9911300291551152,1.9183127136812903,3.6311007,3.6311005477912697,3.6311007,inf,0.0,0.0,0.0,0.0,0.0,0.0,0.011217810679227114,0.472783,30.336376,0.0,0.0,0.0,0.0,0.0
24,25,0,good,12,quickshift,blend_2,100,100,False,30000,5000,3,0.4230625727537871,lm_p_maxloss,28.446296005159084,0.9957269984793811,1.625270128113879,2.593606,2.5936059568067784,2.593606,inf,0.0,0.0,0.0,0.0,0.0,0.0,0.005500164159457199,0.42348394,28.31886,0.0,0.0,0.0,0.0,0.0
25,26,0,good,12,quickshift,blend_3,100,100,False,30000,5000,3,0.515126279664724,lm_p_maxloss,28.3857986747744,0.9960402484296637,1.9907706292813845,3.3810887,3.381088617031681,3.3810887,inf,0.0,0.0,0.0,0.0,0.0,0.0,0.005500164159457199,0.42348394,28.31886,0.0,0.0,0.0,0.0,0.0
26,27,0,good,13,quickshift,blend_2,100,100,False,30000,5000,3,0.28986507229593195,lm_p_maxloss,20.707213829749627,0.9865455156171318,1.740636220140561,1.4993297,1.499329648741129,1.4993297,inf,0.0,0.0,0.0,0.0,0.0,0.0,0.0032763214355024197,0.26279297,21.145401,0.0,0.0,0.0,0.0,0.0
27,28,0,good,13,quickshift,blend_3,100,100,False,30000,5000,3,0.28260782841844845,lm_p_maxloss,20.760914565557464,0.9845102356869548,1.6885128330353765,1.2013887,1.2013887529486786,1.2013887,inf,0.0,0.0,0.0,0.0,0.0,0.0,0.0032763214355024197,0.26279297,21.145401,0.0,0.0,0.0,0.0,0.0
28,29,0,good,14,quickshift,blend_2,100,100,False,30000,5000,3,0.3181727973787933,lm_p_maxloss,23.221880190658062,0.9923183954102667,1.5185442314782562,1.8430648,1.8430647507743083,1.8430648,inf,0.0,0.0,0.0,0.0,0.0,0.0,0.003036369671463035,0.3045383,23.094412,0.0,0.0,0.0,0.0,0.0
29,30,0,good,14,quickshift,blend_3,100,100,False,30000,5000,3,0.35347257151453026,lm_p_maxloss,23.11505046082371,0.9927507123330974,1.6980533415230512,2.086238,2.086237893730751,2.086238,inf,0.0,0.0,0.0,0.0,0.0,0.0,0.003036369671463035,0.3045383,23.094412,0.0,0.0,0.0,0.0,0.0
30,31,0,good,15,quickshift,blend_2,100,100,False,30000,5000,3,0.19703156085298773,lm_p_maxloss,14.666621704399695,0.993986977659066,1.4642861681121702,0.86162776,0.8616277385674292,0.86162776,inf,0.0,0.0,0.0,0.0,0.0,0.0,0.0019307052934891544,0.19087577,14.69088,0.0,0.0,0.0,0.0,0.0
31,32,0,good,15,quickshift,blend_3,100,100,False,30000,5000,3,0.2049158982721762,lm_p_maxloss,14.649734152491064,0.995656232593564,1.5276109445125001,0.83818233,0.8381823358975516,0.83818233,inf,0.0,0.0,0.0,0.0,0.0,0.0,0.0019307052934891544,0.19087577,14.69088,0.0,0.0,0.0,0.0,0.0
32,33,0,good,16,quickshift,blend_2,100,100,False,30000,5000,3,0.4199912233129357,lm_p_maxloss,22.525516536156537,0.997263240354231,2.049771357530656,3.1988504,3.198850357706024,3.1988504,inf,0.0,0.0,0.0,0.0,0.0,0.0,0.00285787361402375,0.32631275,22.86217,0.0,0.0,0.0,0.0,0.0
33,34,0,good,16,quickshift,blend_3,100,100,False,30000,5000,3,0.4478555430337966,lm_p_maxloss,22.502030488123854,0.997384825067861,2.19535618751902,3.3495944,3.349594429930527,3.3495944,inf,0.0,0.0,0.0,0.0,0.0,0.0,0.00285787361402375,0.32631275,22.86217,0.0,0.0,0.0,0.0,0.0
34,35,0,good,17,quickshift,blend_2,100,100,False,30000,5000,3,0.3503086381810918,lm_p_maxloss,25.652264592457364,0.9912529615236515,1.8434978719684678,2.0913112,2.091311279322369,2.0913112,inf,0.0,0.0,0.0,0.0,0.0,0.0,0.00410901807481423,0.28956485,25.154125,0.0,0.0,0.0,0.0,0.0
35,36,0,good,17,quickshift,blend_3,100,100,False,30000,5000,3,0.33041810229359664,lm_p_maxloss,25.58808610811234,0.9907828438418784,1.7484410557593153,1.8329954,1.8329954548726843,1.8329954,inf,0.0,0.0,0.0,0.0,0.0,0.0,0.00410901807481423,0.28956485,25.154125,0.0,0.0,0.0,0.0,0.0
36,37,0,good,18,quickshift,blend_2,100,100,False,30000,5000,3,0.3463956562000221,lm_p_maxloss,23.173973675183284,0.9947305361830298,1.8905350392183353,1.870396,1.8703959816961095,1.870396,inf,0.0,0.0,0.0,0.0,0.0,0.0,0.010731555773721388,0.41972792,22.966045,0.0,0.0,0.0,0.0,0.0
37,38,0,good,18,quickshift,blend_3,100,100,False,30000,5000,3,0.35609047753724443,lm_p_maxloss,23.08659288965017,0.9944328587156901,1.9548651872547853,1.8533896,1.8533896484543706,1.8533896,inf,0.0,0.0,0.0,0.0,0.0,0.0,0.010731555773721388,0.41972792,22.966045,0.0,0.0,0.0,0.0,0.0
38,39,0,good,19,quickshift,blend_2,100,100,False,30000,5000,3,0.6417033784268833,lm_p_maxloss,39.13214589482808,0.9979267534309183,1.7764979773663492,3.9521716,3.9521714527937637,3.9521716,inf,0.0,0.0,0.0,0.0,0.0,0.0,0.007887761845874289,0.41310415,38.934326,0.0,0.0,0.0,0.0,0.0
39,40,0,good,19,quickshift,blend_3,100,100,False,30000,5000,3,0.6697526038003816,lm_p_maxloss,39.20576363699047,0.9982560546301134,1.8483467464486178,5.0246363,5.024636369351477,5.0246363,inf,0.0,0.0,0.0,0.0,0.0,0.0,0.007887761845874289,0.41310415,38.934326,0.0,0.0,0.0,0.0,0.0
40,41,0,good,20,quickshift,blend_2,100,100,False,30000,5000,3,0.48730497413418666,lm_p_maxloss,32.65301723441782,0.9925802405285697,1.7311112072614558,2.452718,2.4527181083854432,2.452718,inf,0.0,0.0,0.0,0.0,0.0,0.0,0.006813885343338673,0.42875084,32.96305,0.0,0.0,0.0,0.0,0.0
41,42,0,good,20,quickshift,blend_3,100,100,False,30000,5000,3,0.6668601601763202,lm_p_maxloss,32.56803163392389,0.9964803507339489,2.375333145385898,5.755964,5.755963877059686,5.755964,inf,0.0,0.0,0.0,0.0,0.0,0.0,0.006813885343338673,0.42875084,32.96305,0.0,0.0,0.0,0.0,0.0
42,43,0,good,21,quickshift,blend_2,100,100,False,30000,5000,3,0.46109478216179345,lm_p_maxloss,26.351737685939174,0.9965426972301804,1.8584902296516563,2.6988826,2.6988826768292635,2.6988826,inf,0.0,0.0,0.0,0.0,0.0,0.0,0.010312002610589843,0.45819414,26.257362,0.0,0.0,0.0,0.0,0.0
43,44,0,good,21,quickshift,blend_3,100,100,False,30000,5000,3,0.4371376378066969,lm_p_maxloss,26.3094140962637,0.9955127175950702,1.7675316020342555,2.3549514,2.354951467071997,2.3549514,inf,0.0,0.0,0.0,0.0,0.0,0.0,0.010312002610589843,0.45819414,26.257362,0.0,0.0,0.0,0.0,0.0
44,45,0,good,22,quickshift,blend_2,100,100,False,30000,5000,3,0.22042667605792715,lm_p_maxloss,17.37236878529302,0.9820678716796762,1.6668068541359637,0.92760724,0.9276072092872379,0.92760724,inf,0.0,0.0,0.0,0.0,0.0,0.0,0.0020272126324319593,0.26588535,17.838707,0.0,0.0,0.0,0.0,0.0
45,46,0,good,22,quickshift,blend_3,100,100,False,30000,5000,3,0.2001573583886804,lm_p_maxloss,17.3930695491795,0.9818145759442964,1.5058649299561293,0.87093806,0.8709380703911281,0.87093806,inf,0.0,0.0,0.0,0.0,0.0,0.0,0.0020272126324319593,0.26588535,17.838707,0.0,0.0,0.0,0.0,0.0
46,47,0,good,23,quickshift,blend_2,100,100,False,30000,5000,3,0.2622653382803823,lm_p_maxloss,18.77303061657443,0.9964722247532327,1.532338743030599,1.216622,1.2166220311899996,1.216622,inf,0.0,0.0,0.0,0.0,0.0,0.0,0.0018622585654763195,0.27662942,18.549835,0.0,0.0,0.0,0.0,0.0
47,48,0,good,23,quickshift,blend_3,100,100,False,30000,5000,3,0.2705635357217214,lm_p_maxloss,18.77152786628698,0.9966352765370914,1.5790676226473843,1.2704,1.2704000368377626,1.2704,inf,0.0,0.0,0.0,0.0,0.0,0.0,0.0018622585654763195,0.27662942,18.549835,0.0,0.0,0.0,0.0,0.0
48,49,0,good,24,quickshift,blend_2,100,100,False,30000,5000,3,0.20955385057307388,lm_p_maxloss,19.90295835579912,0.9784609136086733,1.3799470954258524,1.0905443,1.0905443431040376,1.0905443,inf,0.0,0.0,0.0,0.0,0.0,0.0,0.00198455019077907,0.207123,19.996073,0.0,0.0,0.0,0.0,0.0
49,50,0,good,24,quickshift,blend_3,100,100,False,30000,5000,3,0.22235143596627083,lm_p_maxloss,20.02425144329535,0.9815903825910581,1.4435011950411818,1.0271808,1.027180832102075,1.0271808,inf,0.0,0.0,0.0,0.0,0.0,0.0,0.00198455019077907,0.207123,19.996073,0.0,0.0,0.0,0.0,0.0
50,51,0,good,25,quickshift,blend_2,100,100,False,30000,5000,3,0.3292195872149303,lm_p_maxloss,27.02333622214729,0.9879596129272988,1.3631183914079283,1.2746395,1.2746395020831602,1.2746395,inf,0.0,0.0,0.0,0.0,0.0,0.0,0.002045492326336292,0.25657052,26.863195,0.0,0.0,0.0,0.0,0.0
51,52,0,good,25,quickshift,blend_3,100,100,False,30000,5000,3,0.3353430550207749,lm_p_maxloss,27.002963087444705,0.9894314614556428,1.3882048210368685,1.3017783,1.3017783627788988,1.3017783,inf,0.0,0.0,0.0,0.0,0.0,0.0,0.002045492326336292,0.25657052,26.863195,0.0,0.0,0.0,0.0,0.0
52,53,0,good,26,quickshift,blend_2,100,100,False,30000,5000,3,0.3958817470461739,lm_p_maxloss,24.119157765755318,0.99564505562082,1.732959007965495,2.2479913,2.247991375656352,2.2479913,inf,0.0,0.0,0.0,0.0,0.0,0.0,0.005819046969312088,0.33209175,24.142437,0.0,0.0,0.0,0.0,0.0
53,54,0,good,26,quickshift,blend_3,100,100,False,30000,5000,3,0.44804397071476876,lm_p_maxloss,24.079325583697713,0.9973300307496518,1.9660090440861735,2.600254,2.6002541373247587,2.600254,inf,0.0,0.0,0.0,0.0,0.0,0.0,0.005819046969312088,0.33209175,24.142437,0.0,0.0,0.0,0.0,0.0
54,55,0,good,27,quickshift,blend_2,100,100,False,30000,5000,3,0.4817831068609758,lm_p_maxloss,28.39817382577646,0.9955234481699425,1.9623055964340577,2.9139662,2.913966186216306,2.9139662,inf,0.0,0.0,0.0,0.0,0.0,0.0,0.003791348004597239,0.28657088,28.444721,0.0,0.0,0.0,0.0,0.0
55,56,0,good,27,quickshift,blend_3,100,100,False,30000,5000,3,0.4843165862660842,lm_p_maxloss,28.428761863413953,0.9947254212930721,1.9698381744853173,2.620597,2.620596828931419,2.620597,inf,0.0,0.0,0.0,0.0,0.0,0.0,0.003791348004597239,0.28657088,28.444721,0.0,0.0,0.0,0.0,0.0
56,57,0,good,28,quickshift,blend_2,100,100,False,30000,5000,3,0.35232840266276283,lm_p_maxloss,21.274023846794858,0.9939987346431912,1.7550422146321878,2.0990303,2.0990301883432867,2.0990303,inf,0.0,0.0,0.0,0.0,0.0,0.0,0.004103598301298916,0.31564415,21.298416,0.0,0.0,0.0,0.0,0.0
57,58,0,good,28,quickshift,blend_3,100,100,False,30000,5000,3,0.3056346202059789,lm_p_maxloss,21.28726262278413,0.9924558430416631,1.5243547208523816,1.5185494,1.518549438224258,1.5185494,inf,0.0,0.0,0.0,0.0,0.0,0.0,0.004103598301298916,0.31564415,21.298416,0.0,0.0,0.0,0.0,0.0
58,59,0,good,29,quickshift,blend_2,100,100,False,30000,5000,3,0.28322459278863404,lm_p_maxloss,18.6059882147659,0.9904233358030973,1.7670399635561658,1.6954802,1.6954801701827154,1.6954802,inf,0.0,0.0,0.0,0.0,0.0,0.0,0.0038954942137934268,0.392185,18.472504,0.0,0.0,0.0,0.0,0.0
59,60,0,good,29,quickshift,blend_3,100,100,False,30000,5000,3,0.34891040642690735,lm_p_maxloss,18.618595344565115,0.9939319837309162,2.1694141204608384,2.8777275,2.877727531463735,2.8777275,inf,0.0,0.0,0.0,0.0,0.0,0.0,0.0038954942137934268,0.392185,18.472504,0.0,0.0,0.0,0.0,0.0
60,61,0,good,30,quickshift,blend_2,100,100,False,30000,5000,3,0.19723077825895732,lm_p_maxloss,17.650722311113633,0.9665491856651905,1.413556779921115,1.021889,1.0218890198980795,1.021889,inf,0.0,0.0,0.0,0.0,0.0,0.0,0.003600527095841244,0.2470124,18.45381,0.0,0.0,0.0,0.0,0.0
61,62,0,good,30,quickshift,blend_3,100,100,False,30000,5000,3,0.2654874669261723,lm_p_maxloss,17.686757205283097,0.9713945377120663,1.9142596141178867,1.637131,1.6371309677423693,1.637131,inf,0.0,0.0,0.0,0.0,0.0,0.0,0.003600527095841244,0.2470124,18.45381,0.0,0.0,0.0,0.0,0.0
62,63,0,good,31,quickshift,blend_2,100,100,False,30000,5000,3,0.3796800273015249,lm_p_maxloss,22.69933299403546,0.9892131942039201,2.205270714069351,3.0085545,3.0085544070102355,3.0085545,inf,0.0,0.0,0.0,0.0,0.0,0.0,0.005344130680896342,0.27571392,22.913536,0.0,0.0,0.0,0.0,0.0
63,64,0,good,31,quickshift,blend_3,100,100,False,30000,5000,3,0.34572988996025283,lm_p_maxloss,22.693807002980183,0.9863649201480029,2.0059313904633087,1.8719095,1.8719095166352615,1.8719095,inf,0.0,0.0,0.0,0.0,0.0,0.0,0.005344130680896342,0.27571392,22.913536,0.0,0.0,0.0,0.0,0.0
64,65,0,good,32,quickshift,blend_2,100,100,False,30000,5000,3,0.28793897941405666,lm_p_maxloss,17.856131051966813,0.9958504292809338,1.7524260977667008,2.009191,2.009191130772968,2.009191,inf,0.0,0.0,0.0,0.0,0.0,0.0,0.003438118403816285,0.31223735,17.992064,0.0,0.0,0.0,0.0,0.0
65,66,0,good,32,quickshift,blend_3,100,100,False,30000,5000,3,0.303537745862365,lm_p_maxloss,17.827795608315366,0.9955244972686249,1.8532884508252645,2.3221161,2.322116029791572,2.3221161,inf,0.0,0.0,0.0,0.0,0.0,0.0,0.003438118403816285,0.31223735,17.992064,0.0,0.0,0.0,0.0,0.0
66,67,0,good,33,quickshift,blend_2,100,100,False,30000,5000,3,0.31731142246095295,lm_p_maxloss,23.478128733633334,0.9941251871842727,1.4832230079132998,1.4011272,1.4011271695714014,1.4011272,inf,0.0,0.0,0.0,0.0,0.0,0.0,0.003394020558819951,0.3039075,23.386417,0.0,0.0,0.0,0.0,0.0
67,68,0,good,33,quickshift,blend_3,100,100,False,30000,5000,3,0.3451693391390236,lm_p_maxloss,23.49820810466491,0.995911373404444,1.6025973873310724,1.7323835,1.7323835105760155,1.7323835,inf,0.0,0.0,0.0,0.0,0.0,0.0,0.003394020558819951,0.3039075,23.386417,0.0,0.0,0.0,0.0,0.0
68,69,0,good,34,quickshift,blend_2,100,100,False,30000,5000,3,0.36233486460122133,lm_p_maxloss,31.28658691382287,0.9961112288511772,1.4217189586664687,1.6289308,1.6289307660740207,1.6289308,inf,0.0,0.0,0.0,0.0,0.0,0.0,0.004207866858147706,0.4063053,31.140026,0.0,0.0,0.0,0.0,0.0
69,70,0,good,34,quickshift,blend_3,100,100,False,30000,5000,3,0.4013603561045477,lm_p_maxloss,31.305584353189396,0.9971228713524293,1.5719802793182596,2.338085,2.3380849148867795,2.338085,inf,0.0,0.0,0.0,0.0,0.0,0.0,0.004207866858147706,0.4063053,31.140026,0.0,0.0,0.0,0.0,0.0
70,71,0,good,35,quickshift,blend_2,100,100,False,30000,5000,3,0.2284072241538529,lm_p_maxloss,20.188803376856143,0.9899361782204357,1.223042812647848,0.9421287,0.9421287228249674,0.9421287,inf,0.0,0.0,0.0,0.0,0.0,0.0,0.003046645416664736,0.28602204,20.405617,0.0,0.0,0.0,0.0,0.0
71,72,0,good,35,quickshift,blend_3,100,100,False,30000,5000,3,0.23487183876425008,lm_p_maxloss,20.24332725001461,0.9877769969785581,1.2512952249660374,1.1148386,1.1148386374686918,1.1148386,inf,0.0,0.0,0.0,0.0,0.0,0.0,0.003046645416664736,0.28602204,20.405617,0.0,0.0,0.0,0.0,0.0
72,73,0,good,36,quickshift,blend_2,100,100,False,30000,5000,3,0.2393891315650274,lm_p_maxloss,17.483267015830613,0.978544097190519,1.7017839553877703,0.8926227,0.8926227132839899,0.8926227,inf,0.0,0.0,0.0,0.0,0.0,0.0,0.0030693147079243013,0.35161853,17.30017,0.0,0.0,0.0,0.0,0.0
73,74,0,good,36,quickshift,blend_3,100,100,False,30000,5000,3,0.26082962325786363,lm_p_maxloss,17.44290960161478,0.9790070571235976,1.8591604907098886,1.4334457,1.4334456488521325,1.4334457,inf,0.0,0.0,0.0,0.0,0.0,0.0,0.0030693147079243013,0.35161853,17.30017,0.0,0.0,0.0,0.0,0.0
74,75,0,good,37,quickshift,blend_2,100,100,False,30000,5000,3,0.28247476994297804,lm_p_maxloss,21.437161882680677,0.9957859582669946,1.4219207013695618,1.6627095,1.6627094820755068,1.6627095,inf,0.0,0.0,0.0,0.0,0.0,0.0,0.0027361082150794878,0.25116295,21.64001,0.0,0.0,0.0,0.0,0.0
75,76,0,good,37,quickshift,blend_3,100,100,False,30000,5000,3,0.30359971892741094,lm_p_maxloss,21.414821488233073,0.9961778421671875,1.5283320926556874,1.6778278,1.6778277973129159,1.6778278,inf,0.0,0.0,0.0,0.0,0.0,0.0,0.0027361082150794878,0.25116295,21.64001,0.0,0.0,0.0,0.0,0.0
76,77,0,good,38,quickshift,blend_2,100,100,False,30000,5000,3,0.26525535334327005,lm_p_maxloss,16.864089884599927,0.9975985218746511,1.6470496472848752,1.5193678,1.5193678341315209,1.5193678,inf,0.0,0.0,0.0,0.0,0.0,0.0,0.00228260166356146,0.20700161,17.023624,0.0,0.0,0.0,0.0,0.0
77,78,0,good,38,quickshift,blend_3,100,100,False,30000,5000,3,0.284140292486389,lm_p_maxloss,16.87559480105832,0.9979051718758043,1.7605953164588446,1.6136171,1.6136170935714567,1.6136171,inf,0.0,0.0,0.0,0.0,0.0,0.0,0.00228260166356146,0.20700161,17.023624,0.0,0.0,0.0,0.0,0.0
78,79,0,good,39,quickshift,blend_2,100,100,False,30000,5000,3,0.24441695354099074,lm_p_maxloss,22.774209117846553,0.9855406548224023,1.3077859853820275,1.0078584,1.0078584255102656,1.0078584,inf,0.0,0.0,0.0,0.0,0.0,0.0,0.003246473012647281,0.37651545,22.768192,0.0,0.0,0.0,0.0,0.0
79,80,0,good,39,quickshift,blend_3,100,100,False,30000,5000,3,0.2605928739481386,lm_p_maxloss,22.735488845731957,0.9854373332014555,1.398768226751804,1.081703,1.0817029235065094,1.081703,inf,0.0,0.0,0.0,0.0,0.0,0.0,0.003246473012647281,0.37651545,22.768192,0.0,0.0,0.0,0.0,0.0
80,81,1,crack,0,quickshift,blend_2,100,100,False,30000,5000,3,2.2177176268181533,lm_p_maxloss,117.1536815280603,0.9779156230597683,2.027590404229654,14.333095,14.333095072471622,2.2722604,59.67329158286856,0.7696038803556993,0.20313780731242692,0.17189186297166026,0.6471088435374149,0.2795011517027948,0.17759521067659748,0.011285009270068258,0.55211693,122.3508,0.9493505629172636,0.976543825302968,0.9825482782030097,0.983548775133181,0.9769490328206194
81,82,1,crack,0,quickshift,blend_3,100,100,False,30000,5000,3,2.485523696033352,lm_p_maxloss,117.03206020428463,0.9779876706281222,2.285891371500609,12.81402,12.814019851733818,4.2602186,66.55026079681146,0.8876080691642652,0.19535115149265386,0.19705141579644445,0.6471088435374149,0.2795011517027948,0.17759521067659748,0.011285009270068258,0.55211693,122.3508,0.9493505629172636,0.9740523813360867,0.9885552041711831,0.9903522168676645,0.9726774806735987
82,83,1,crack,1,quickshift,blend_2,100,100,False,30000,5000,3,1.620186688911929,lm_p_maxloss,83.28764964944463,0.9911496402777531,2.009728177413893,11.299523,11.29952323640048,1.9799078,45.225349532298125,0.4380165289256198,0.1656832883027287,0.0969241984368492,0.5462001093493712,0.25990226137976336,0.14732152333306783,0.004256083038247501,0.5224955,83.29454,0.9152695432503877,0.9433653398176464,0.9635910832646563,0.9681296746875324,0.9433653398176463
83,84,1,crack,1,quickshift,blend_3,100,100,False,30000,5000,3,1.5510801886904042,lm_p_maxloss,83.61049560415074,0.9913588010537376,1.9127313177708982,9.790159,9.790159488253705,2.8375757,42.82848068878238,0.6331168831168831,0.1786790862871911,0.132869298606656,0.5462001093493712,0.25990226137976336,0.14732152333306783,0.004256083038247501,0.5224955,83.29454,0.9152695432503877,0.9657191886961238,0.9767078803923995,0.9807195710733632,0.9657191886961238
84,85,1,crack,2,quickshift,blend_2,100,100,False,30000,5000,3,0.8321610068384497,lm_p_maxloss,46.51941472103268,0.9850540074844818,2.080751400437681,5.650119,5.650118780719839,0.98284286,21.652500333093467,0.04564860426929392,0.024533179575860885,0.009776620916383167,0.06135770234986945,0.03238334492022891,0.014473234345487382,0.002648100460646674,0.36134169,46.99317,0.9195738138828008,0.8192427588993549,0.8301787532333689,0.8267674709748742,0.8188443692561237
85,86,1,crack,2,quickshift,blend_3,100,100,False,30000,5000,3,0.7366307258602799,lm_p_maxloss,46.54506891440937,0.982381868667316,1.830126031817889,4.6705513,4.670551074780545,1.4366883,20.995796639796048,0.05805515239477504,0.022151199973756253,0.010139288542528128,0.06135770234986945,0.03238334492022891,0.014473234345487382,0.002648100460646674,0.36134169,46.99317,0.9195738138828008,0.7845449788717288,0.7892172608271749,0.7785819031220808,0.7840543694036755
86,87,1,crack,3,quickshift,blend_2,100,100,False,30000,5000,3,0.4563657722841429,lm_p_maxloss,28.21636514462329,0.9716233123676516,2.0314158772128192,2.7382596,2.738259507127167,0.6050518,13.039726345569838,0.09835045129162777,0.0397693107544061,0.020477013328299532,0.23112767940354148,0.09133314744547326,0.06213164802037279,0.0020363271857301393,0.34207755,29.363731,0.8824556735703508,0.8147794989301217,0.8459674398108121,0.8603356359443827,0.8298298861591449
87,88,1,crack,3,quickshift,blend_3,100,100,False,30000,5000,3,0.45422861254600216,lm_p_maxloss,28.24119631905874,0.9794483338817981,2.0103524666917925,2.6941457,2.6941456229393106,2.1242058,13.204883486936936,0.19168591224018475,0.049916790237062234,0.03647853785330687,0.23112767940354148,0.09133314744547326,0.06213164802037279,0.0020363271857301393,0.34207755,29.363731,0.8824556735703508,0.894621011382011,0.9059112221472493,0.9010477148240679,0.8925428007488543
88,89,1,crack,4,quickshift,blend_2,100,100,False,30000,5000,3,1.3557420337611332,lm_p_maxloss,54.070725777074585,0.9875344412498978,2.7944828156450474,10.205953,10.205952261399538,4.365958,31.870897156142657,0.78125,0.08141146473936076,0.0988424903198309,0.6894409937888198,0.16323417384442518,0.15729708437074405,0.004767218362151955,0.4833442,55.011074,0.9369972916218446,0.931962504033993,0.9847439422870052,0.9892396035032989,0.93508352606856
89,90,1,crack,4,quickshift,blend_3,100,100,False,30000,5000,3,1.3956419316449848,lm_p_maxloss,53.958902907232115,0.9870867191881301,2.880684985714558,11.833926,11.833926237999918,4.247669,31.193279387528253,0.8125,0.08566325383988987,0.10466701817512494,0.6894409937888198,0.16323417384442518,0.15729708437074405,0.004767218362151955,0.4833442,55.011074,0.9369972916218446,0.9713924055597389,0.9867773269416954,0.9879715569868761,0.9713924055597388
90,91,1,crack,5,quickshift,blend_2,100,100,False,30000,5000,3,0.8423836568737307,lm_p_maxloss,37.39604547009818,0.9753637268784359,2.5124231449224426,5.9254494,5.925449490196212,4.7711096,21.93640516312436,0.07247899159663866,0.033170382944457094,0.015104154752095906,0.177007299270073,0.06505466365798783,0.038759127745694094,0.004104104453290347,0.44148898,38.476196,0.8898988451565945,0.858268797127827,0.871388841955627,0.8638745296871297,0.8579437100280103
91,92,1,crack,5,quickshift,blend_3,100,100,False,30000,5000,3,0.8443069775845472,lm_p_maxloss,37.57102607308198,0.9772785231647475,2.482047720501422,5.4116516,5.411651537937633,5.4116516,22.618174817379668,0.2988505747126437,0.03842625421878921,0.03385929101274519,0.177007299270073,0.06505466365798783,0.038759127745694094,0.004104104453290347,0.44148898,38.476196,0.8898988451565945,0.8913610241954629,0.9004651264477128,0.8840085425665674,0.8913610241954629
92,93,1,crack,6,quickshift,blend_2,100,100,False,30000,5000,3,0.8209406657937035,lm_p_maxloss,46.66572168190032,0.9871074505658406,1.9248566612183946,6.606393,6.606393082519434,1.881952,21.238118862902937,0.40344827586206894,0.10891768994892928,0.07476050499165506,0.515695067264574,0.1933711826904031,0.1418997199126809,0.0031501031674755118,0.5305159,47.373714,0.930145121581691,0.914210606458348,0.9428249664602891,0.9564705945288716,0.9148594293491863
93,94,1,crack,6,quickshift,blend_3,100,100,False,30000,5000,3,0.9566652195355657,lm_p_maxloss,46.79707725775263,0.9901396709785035,2.2559168968194028,6.546191,6.546191204974789,2.6463974,24.817995994877343,0.7387387387387387,0.12542585390276195,0.1277938585623007,0.515695067264574,0.1933711826904031,0.1418997199126809,0.0031501031674755118,0.5305159,47.373714,0.930145121581691,0.9702674426557871,0.9779731697596565,0.9773665700310311,0.9669071667417513
94,95,1,crack,7,quickshift,blend_2,100,100,False,30000,5000,3,3.4797550577983367,lm_p_maxloss,194.09617234835775,0.9809295849764363,1.872482794750713,16.745022,16.745021444286184,1.6407478,98.30660040487876,0.7190325497287523,0.4017267544324215,0.15998967793114624,0.6173378297956754,0.37786491705521236,0.1718330278226517,0.0036124444644277296,0.6020211,190.57991,0.9346511527935001,0.9395527749684964,0.9697456512077762,0.9767713214390584,0.9392265206387242
95,96,1,crack,7,quickshift,blend_3,100,100,False,30000,5000,3,3.599503182056491,lm_p_maxloss,193.38918509552906,0.981211049879767,1.9471430376149732,16.128107,16.128107696245188,1.4188257,99.14979549361672,0.6517381104713158,0.40146764979280003,0.150438361913559,0.6173378297956754,0.37786491705521236,0.1718330278226517,0.0036124444644277296,0.6020211,190.57991,0.9346511527935001,0.945620223039129,0.9620957454075023,0.969111477219075,0.9445694921829509
96,97,1,crack,8,quickshift,blend_2,100,100,False,30000,5000,3,4.798482441454035,lm_p_maxloss,200.61714113442443,0.9849652677762528,2.451209232925803,30.039234,30.03923501535679,1.529198,116.64565196468952,0.7535263548626577,0.3663827877599695,0.20243440482296696,0.7927893738140418,0.42029514116041544,0.2351265242096058,0.009679731098003685,0.67732847,204.67212,0.9818621484644164,0.983626080471437,0.9926105450643714,0.995616718903798,0.9834712453044788
97,98,1,crack,8,quickshift,blend_3,100,100,False,30000,5000,3,5.064335671724035,lm_p_maxloss,199.53119652468055,0.9854569932044202,2.610971417158012,29.64401,29.64401061491006,1.8152494,122.9731116656117,0.8436565570269116,0.36040702322514856,0.2148095981679307,0.7927893738140418,0.42029514116041544,0.2351265242096058,0.009679731098003685,0.67732847,204.67212,0.9818621484644164,0.9891740464927807,0.9958771615001691,0.9986458347265713,0.9890663337261644
98,99,1,crack,9,quickshift,blend_2,100,100,False,30000,5000,3,5.254585862268113,lm_p_maxloss,242.8681402042644,0.9717194828935231,2.2740843885831272,40.10852,40.10852116907194,1.7866325,127.94526647942362,0.6378111684234133,0.41062219288515217,0.15483154220474793,0.7328934967012253,0.39500130998066585,0.19715949639221708,0.002740164869464934,0.77863157,255.12183,0.9571212052203855,0.9054354069150229,0.9447073276524803,0.9607035030568949,0.9486882246452676
99,100,1,crack,9,quickshift,blend_3,100,100,False,30000,5000,3,5.775604758214428,lm_p_maxloss,243.87077564504483,0.9770460475114389,2.4888483062803983,45.555824,45.55582447282365,0.5303851,136.92299835967646,0.6953810173455467,0.4040953010262757,0.1548527799617324,0.7328934967012253,0.39500130998066585,0.19715949639221708,0.002740164869464934,0.77863157,255.12183,0.9571212052203855,0.9279599884699692,0.9526999743539347,0.9622203195701486,0.948620038920477
100,101,1,crack,10,quickshift,blend_2,100,100,False,30000,5000,3,3.483598166733769,lm_p_maxloss,233.40272699075365,0.9821986750336491,1.553731599958431,15.433609,15.433608762761938,0.9774493,101.26776239905311,0.818129218900675,0.43273460796608654,0.19291467153558492,0.686633135192806,0.38345642482177356,0.19068292166200898,0.0025950867178228996,0.60777354,234.82985,0.9575671964591574,0.9708432262812752,0.9839252446949008,0.9848475034427049,0.969385429450238
101,102,1,crack,10,quickshift,blend_3,100,100,False,30000,5000,3,3.5849537755012575,lm_p_maxloss,233.06232429300195,0.9814748670443777,1.5956922250101944,18.437737,18.437736282007048,0.8854939,104.33278909954048,0.8804907004352988,0.46315344651192936,0.19462000214187383,0.686633135192806,0.38345642482177356,0.19068292166200898,0.0025950867178228996,0.60777354,234.82985,0.9575671964591574,0.9905188608592108,0.9921524296638653,0.9911668305022431,0.9904470750568835
102,103,1,crack,11,quickshift,blend_2,100,100,False,30000,5000,3,4.26199169974854,lm_p_maxloss,153.4122811320541,0.9725455364928544,2.917784477998316,32.930866,32.930865052819165,3.6932871,98.04866038465562,0.45424053665548636,0.19290598862048752,0.103770154975357,0.5990836197021764,0.2948665257131745,0.16725958567391427,0.008631397775995234,0.57702756,160.44421,0.958356709581423,0.9301535074792767,0.9568006935298616,0.9596593148234851,0.9325806725286052
103,104,1,crack,11,quickshift,blend_3,100,100,False,30000,5000,3,4.966449484158579,lm_p_maxloss,153.24983523526697,0.9777556395057746,3.3803984636496036,39.483402,39.48340346082661,3.8180327,110.41271525038222,0.6758747697974218,0.21556066821846476,0.13805360831891064,0.5990836197021764,0.2948665257131745,0.16725958567391427,0.008631397775995234,0.57702756,160.44421,0.958356709581423,0.9592858562348638,0.977111083088852,0.9803736354235788,0.9528451165763406
104,105,1,crack,12,quickshift,blend_2,100,100,False,30000,5000,3,0.8011736297019438,lm_p_maxloss,35.18193877257845,0.9937134560258987,2.532131185807725,6.4488454,6.448845161298287,6.4488454,19.60534758696889,0.11695906432748537,0.04055819096743563,0.027329101037910343,0.21746575342465754,0.07536678255177735,0.0513117438871185,0.0043568308028625324,0.5450603,35.780334,0.9182439927327155,0.9138077226337042,0.9228380524375664,0.9206148464216548,0.9132046314197549
105,106,1,crack,12,quickshift,blend_3,100,100,False,30000,5000,3,0.695403768912908,lm_p_maxloss,35.332901604960455,0.9886809508109023,2.187788458154226,4.594699,4.594698790541921,4.594699,18.71700378242962,0.29277566539923955,0.040162049542720756,0.041294894582852334,0.21746575342465754,0.07536678255177735,0.0513117438871185,0.0043568308028625324,0.5450603,35.780334,0.9182439927327155,0.865814445555864,0.9246303442384269,0.9264224001803849,0.8618371568813132
106,107,1,crack,13,quickshift,blend_2,100,100,False,30000,5000,3,0.7015340305555261,lm_p_maxloss,43.14430461843054,0.9811191952435052,1.7784750119250479,4.541873,4.541872785078166,4.541873,19.376681171129043,0.21393034825870647,0.04119908606080059,0.03323257172827641,0.2130637636080871,0.08725258051214159,0.05811440935906606,0.004839817750810956,0.44432908,45.434242,0.932480653323109,0.8991486165597923,0.9195367170106281,0.9193153739863601,0.8991486165597922
107,108,1,crack,13,quickshift,blend_3,100,100,False,30000,5000,3,0.7398719980982508,lm_p_maxloss,43.140203875756086,0.9811152256514,1.884943318332807,4.814905,4.814905173482829,4.814905,20.190003447462495,0.5223880597014925,0.04492930285853557,0.06083454230232635,0.2130637636080871,0.08725258051214159,0.05811440935906606,0.004839817750810956,0.44432908,45.434242,0.932480653323109,0.8779105681569812,0.9234843096505558,0.9174404411301645,0.8783060220120544
108,109,1,crack,14,quickshift,blend_2,100,100,False,30000,5000,3,0.6510478652914806,lm_p_maxloss,36.42970815426172,0.9889926601771968,2.022727530737463,4.4942074,4.494207576959194,4.4942074,18.676592319994704,0.7430939226519337,0.05916289597176561,0.08093890860812386,0.37575757575757573,0.10160189828896132,0.07769050588203381,0.002971272285018737,0.33881152,37.142513,0.8775148016969373,0.9471505036994085,0.9728840276866547,0.9745265764950418,0.9471505036994086
109,110,1,crack,14,quickshift,blend_3,100,100,False,30000,5000,3,0.6981287248815166,lm_p_maxloss,36.67008244154404,0.9915868357056057,2.1423412124869583,5.212398,5.212398093949597,5.212398,19.396681641410137,0.8559556786703602,0.06308355797846626,0.09540602204444901,0.37575757575757573,0.10160189828896132,0.07769050588203381,0.002971272285018737,0.33881152,37.142513,0.8775148016969373,0.9625213271158167,0.9750130655327012,0.9800721020319992,0.9625213271158167
110,111,1,crack,15,quickshift,blend_2,100,100,False,30000,5000,3,1.800538423816545,lm_p_maxloss,78.42989792844315,0.991967735938909,2.530344089237267,14.565709,14.565709500735602,4.7378125,42.23041546763904,0.459045904590459,0.13825115583479167,0.09870951701132112,0.7426326129666012,0.2692902984874741,0.19913874990218158,0.006583962211152539,0.4794516,82.90131,0.9539782821962959,0.9352481161675383,0.9583345208130177,0.9645784848660242,0.9349863319864131
111,112,1,crack,15,quickshift,blend_3,100,100,False,30000,5000,3,1.7376500288562076,lm_p_maxloss,78.95309685635101,0.9919455439269916,2.4224587629774734,12.412736,12.412736408052904,3.9635966,43.41232965467375,0.7596810933940774,0.16116026130527186,0.1501165624020027,0.7426326129666012,0.2692902984874741,0.19913874990218158,0.006583962211152539,0.4794516,82.90131,0.9539782821962959,0.9510686876444624,0.9739192000627577,0.9770117644224426,0.9509981733869202
112,113,1,crack,16,quickshift,blend_2,100,100,False,30000,5000,3,0.7187937553074384,lm_p_maxloss,47.145692473605564,0.9927987190718919,1.6792467231178587,3.8745236,3.8745235818537433,1.6973573,20.443408552111876,0.2770012706480305,0.07128290107876975,0.05013597469797921,0.2796674225245654,0.13280620244745142,0.07985993066339805,0.0031558867728260034,0.4432546,46.806175,0.9502764957584302,0.8908630866597634,0.9279724562541787,0.9352266231959638,0.8908630866597633
113,114,1,crack,16,quickshift,blend_3,100,100,False,30000,5000,3,0.7503109300940156,lm_p_maxloss,47.28667525356239,0.9930825600936295,1.7483353645973556,4.4300313,4.430031175145242,2.0429654,20.533212171017464,0.7127882599580713,0.10703994120351172,0.12282677921969745,0.2796674225245654,0.13280620244745142,0.07985993066339805,0.0031558867728260034,0.4432546,46.806175,0.9502764957584302,0.9865464079142404,0.979607622344711,0.9719295422462771,0.9865464079142404
114,115,1,crack,17,quickshift,blend_2,100,100,False,30000,5000,3,2.1358663986038753,lm_p_maxloss,116.566249244863,0.96987333980662,1.9071156001150475,12.661604,12.66160360576712,1.0517662,59.07534497971925,0.7236421725239617,0.3701084599012001,0.1745952635858914,0.7236206458174421,0.3937465644578357,0.18583617783533768,0.0021478907826046147,0.5587082,119.48002,0.9444852932183698,0.9710170289050456,0.9791777333629432,0.98132411564593,0.9709170247210395
115,116,1,crack,17,quickshift,blend_3,100,100,False,30000,5000,3,2.1266949475529042,lm_p_maxloss,115.99994331766499,0.9721452364087226,1.914912427068518,12.725279,12.725278683093432,2.2562652,58.57696323767533,0.7916521739130434,0.37104966926967925,0.1888289133645009,0.7236206458174421,0.3937465644578357,0.18583617783533768,0.0021478907826046147,0.5587082,119.48002,0.9444852932183698,0.9832329751180372,0.9879630906287917,0.9895807432726007,0.9832329751180372
116,117,2,cut,0,quickshift,blend_2,100,100,False,30000,5000,3,0.5304640837378644,lm_p_maxloss,38.551785397607574,0.9851830777980364,1.5768423305993176,2.8641922,2.864192176304259,2.8641922,15.686462386190966,0.22,0.013922531412481122,0.02425833097907644,0.3333333333333333,0.03474933337457237,0.056540323893692006,0.004207173391478136,0.324412,39.790466,0.9351277345946959,0.9497141924923929,0.9681037559667162,0.9590838296583649,0.949714192492393
117,118,2,cut,0,quickshift,blend_3,100,100,False,30000,5000,3,0.5125556606615114,lm_p_maxloss,38.42962166515446,0.9841853000791184,1.5300858197651888,2.4093993,2.4093992777845465,2.1349535,15.383467982349675,0.18579234972677597,0.014193874389369612,0.02265004025500929,0.3333333333333333,0.03474933337457237,0.056540323893692006,0.004207173391478136,0.324412,39.790466,0.9351277345946959,0.9817357195391028,0.9558444976421556,0.93656713727413,0.9817357195391028
118,119,2,cut,1,quickshift,blend_2,100,100,False,30000,5000,3,0.8105677382973493,lm_p_maxloss,44.09559438836148,0.9914416505631432,1.9625847201641813,5.4200735,5.420073438719765,0.77283806,21.92222793010376,0.048559339109409634,0.027085417791886172,0.011435947130075622,0.14940239043824702,0.050547555378326746,0.02756523825652246,0.0035999202324698367,0.42812923,44.420437,0.9204258802757007,0.7992883095487932,0.8013281735755515,0.8012637530071979,0.7992883095487932
119,120,2,cut,1,quickshift,blend_3,100,100,False,30000,5000,3,0.7997790135484593,lm_p_maxloss,43.78010956432914,0.9938724706916904,1.9543284838297772,3.6023157,3.6023155585571898,0.85793096,23.36010065327848,0.057298098295875524,0.025601700685823285,0.01328436678142328,0.14940239043824702,0.050547555378326746,0.02756523825652246,0.0035999202324698367,0.42812923,44.420437,0.9204258802757007,0.7805391494892558,0.775477430000538,0.7761698907914537,0.7805391494892558
120,121,2,cut,2,quickshift,blend_2,100,100,False,30000,5000,3,0.7609052461582646,lm_p_maxloss,36.52111166326348,0.9924935736335179,2.5043200118329105,5.740936,5.740935790956761,3.686348,18.646419765433528,0.05172413793103448,0.01577022339419043,0.009962769544233684,0.1360544217687075,0.0325932670895631,0.02608612909594651,0.006475726520875469,0.43900156,37.414146,0.9522524021388921,0.9126404415653961,0.9107083544282663,0.9029466117810802,0.9126404415653961
121,122,2,cut,2,quickshift,blend_3,100,100,False,30000,5000,3,0.6825964674175916,lm_p_maxloss,36.47391452690262,0.9927136418841627,2.2534380608613085,4.306546,4.306546137065022,3.4780238,17.64163279295372,0.17224080267558528,0.0183933131454055,0.021326143662651825,0.1360544217687075,0.0325932670895631,0.02608612909594651,0.006475726520875469,0.43900156,37.414146,0.9522524021388921,0.9695964621337756,0.9550437909934923,0.9301771139508022,0.9695964621337756
122,123,2,cut,3,quickshift,blend_2,100,100,False,30000,5000,3,0.5455914175848322,lm_p_maxloss,31.117332166384273,0.9802351646905282,2.083676875213234,4.2087355,4.208735429043398,0.9003017,14.303616492061359,0.03610315186246418,0.011980728580686066,0.007627814393251601,0.04084442404772832,0.018208020495468717,0.011175667692023945,0.0010591916701135535,0.3543485,31.85244,0.9260793507616435,0.8779312199105456,0.8755831082739994,0.8726562249810523,0.8779312199105456
123,124,2,cut,3,quickshift,blend_3,100,100,False,30000,5000,3,0.5545185737641627,lm_p_maxloss,31.208497277696814,0.9836545841939192,2.1058494528155447,4.494935,4.49493496694914,0.3410543,14.110683319945897,0.027895694360218316,0.010230727679200443,0.006641383750134375,0.04084442404772832,0.018208020495468717,0.011175667692023945,0.0010591916701135535,0.3543485,31.85244,0.9260793507616435,0.8230486555151101,0.813125140106107,0.8100441400954322,0.8230486555151101
124,125,2,cut,4,quickshift,blend_2,100,100,False,30000,5000,3,0.5113076891118519,lm_p_maxloss,33.39445242156174,0.9821767855235027,1.784845901485184,2.5700264,2.570026506924761,2.230081,14.93016670178165,0.11317254174397032,0.025559863443725978,0.018090869387551185,0.14354066985645933,0.04896011552067189,0.030501147826455,0.006125239587466543,0.37438405,34.365154,0.905598477036567,0.9033736107806069,0.926817729127557,0.9319446868142037,0.903117668314781
125,126,2,cut,4,quickshift,blend_3,100,100,False,30000,5000,3,0.4428586369751582,lm_p_maxloss,33.367564011485065,0.9805727420102528,1.5459499366084997,2.3770857,2.3770857483235464,1.9801657,13.479665107372746,0.1566265060240964,0.025705064625555944,0.022797078898701115,0.14354066985645933,0.04896011552067189,0.030501147826455,0.006125239587466543,0.37438405,34.365154,0.905598477036567,0.8684078510175124,0.8626283458043591,0.8477068295391449,0.8684078510175124
126,127,2,cut,5,quickshift,blend_2,100,100,False,30000,5000,3,0.535392876244934,lm_p_maxloss,37.49767332691986,0.9840779871346226,1.592360240391637,2.587197,2.5871970344037125,0.8630359,14.825366716370572,0.05371676614215952,0.015639598035415116,0.011557259994196838,0.07504363001745201,0.030436426241487468,0.020434705064330077,0.004602500897211333,0.44222164,37.761757,0.9603300415800414,0.9027059511434512,0.893918918918919,0.8777954309204309,0.9027059511434511
127,128,2,cut,5,quickshift,blend_3,100,100,False,30000,5000,3,0.5649715236306687,lm_p_maxloss,37.39063679092922,0.9848800821759714,1.691115680702706,2.648289,2.648289018004256,1.4545597,15.939395065005163,0.07240204429301533,0.01644544322246358,0.014693990427190941,0.07504363001745201,0.030436426241487468,0.020434705064330077,0.004602500897211333,0.44222164,37.761757,0.9603300415800414,0.8966594216594217,0.9077909421659422,0.8907697032697032,0.8966594216594216
128,129,2,cut,6,quickshift,blend_2,100,100,False,30000,5000,3,0.8468760530522931,lm_p_maxloss,44.88950772419013,0.9850584463438758,2.089541588729668,6.4681654,6.468165427824598,6.4681654,22.431692522413794,0.09593679458239278,0.023355662243812757,0.015221542692173228,0.24242424242424243,0.04731391890798344,0.04621506555483477,0.005488523020176217,0.4747583,45.411026,0.8973140768537804,0.8894380562201987,0.9194617538544517,0.9234865503015282,0.8894380562201987
129,130,2,cut,6,quickshift,blend_3,100,100,False,30000,5000,3,0.7508827966006344,lm_p_maxloss,44.89358863754383,0.9749145574838973,1.8680130818392946,5.2777853,5.277785421296691,0.6270254,21.580589723864517,0.03871258158901643,0.01634288588381442,0.008818508186724989,0.24242424242424243,0.04731391890798344,0.04621506555483477,0.005488523020176217,0.4747583,45.411026,0.8973140768537804,0.77190417376735,0.8092351201234802,0.8556821963633024,0.7719041737673501
130,131,2,cut,7,quickshift,blend_2,100,100,False,30000,5000,3,0.30178029989809957,lm_p_maxloss,23.9669029390475,0.9829990101976593,1.4578718485236812,1.1268078,1.1268078134346793,1.1268078,9.104462848487561,0.08682634730538923,0.019026726289167805,0.015545672212311377,0.21035598705501618,0.04992502676294067,0.050954924484984065,0.0034655774070415646,0.35501462,24.162594,0.9508186984601342,0.9149398141490934,0.935026685589365,0.936779327577332,0.9149398141490933
131,132,2,cut,7,quickshift,blend_3,100,100,False,30000,5000,3,0.34755313489560347,lm_p_maxloss,23.917035627179366,0.986432754916797,1.683843707258553,1.7827784,1.782778324346325,1.7827784,9.567892290300442,0.4661016949152542,0.03357351091970524,0.07251884802497748,0.21035598705501618,0.04992502676294067,0.050954924484984065,0.0034655774070415646,0.35501462,24.162594,0.9508186984601342,0.9942888045564524,0.9905313568700023,0.9776777806259078,0.9942888045564524
132,133,2,cut,8,quickshift,blend_2,100,100,False,30000,5000,3,0.9846294954353619,lm_p_maxloss,46.970311661445976,0.9943992787609771,2.2674080713674685,6.738943,6.738942979252643,4.7794037,25.481245454492694,0.15182481751824817,0.04228947252155131,0.023904995307922814,0.3087248322147651,0.10764866631204524,0.08508980705752196,0.007332167830706264,0.440214,47.119644,0.9408736495651819,0.882268967142772,0.9103439071050407,0.9130952775366592,0.8819043390927274
133,134,2,cut,8,quickshift,blend_3,100,100,False,30000,5000,3,0.985719996125281,lm_p_maxloss,46.76694029206888,0.9942378130530798,2.2853523863509393,6.638991,6.638990988144182,1.240193,25.136855935809532,0.10879345603271984,0.040110165850101735,0.021301375133219655,0.3087248322147651,0.10764866631204524,0.08508980705752196,0.007332167830706264,0.440214,47.119644,0.9408736495651819,0.8482622898679407,0.9031861411049973,0.9104022173020364,0.846523207174426
134,135,2,cut,9,quickshift,blend_2,100,100,False,30000,5000,3,0.6136589729097337,lm_p_maxloss,31.882259132833994,0.995380739370857,2.062102805360821,3.2756505,3.275650430271797,2.786407,16.481445905766744,0.43630573248407645,0.036336947210748746,0.05868512624614939,0.2754237288135593,0.064018811418865,0.05718690845300488,0.007646090076984062,0.45006546,32.213463,0.94337178459071,0.9621628145878254,0.9718566890461519,0.9639251589319034,0.9621628145878254
135,136,2,cut,9,quickshift,blend_3,100,100,False,30000,5000,3,0.5838094318356882,lm_p_maxloss,31.90351350579469,0.9951727398967206,1.9588993976276003,3.4411447,3.441144719492645,3.4411447,15.396447552003929,0.4682080924855491,0.03948543747243174,0.05906663549533083,0.2754237288135593,0.064018811418865,0.05718690845300488,0.007646090076984062,0.45006546,32.213463,0.94337178459071,0.9838274375174496,0.9829884296789841,0.9768657762177471,0.9838274375174495
136,137,2,cut,10,quickshift,blend_2,100,100,False,30000,5000,3,0.41466421249752433,lm_p_maxloss,26.06240310592866,0.9952150374408558,1.6675876460927932,1.8910518,1.8910517796215744,1.654047,11.47835781297793,0.13556618819776714,0.0183765911917119,0.022810262661049404,0.09036144578313253,0.025657675344627113,0.019113061979785913,0.0034444230647447207,0.44110954,26.386768,0.9537227253781209,0.9571509349221787,0.9634522490153188,0.9509814501875661,0.9571509349221787
137,138,2,cut,10,quickshift,blend_3,100,100,False,30000,5000,3,0.417633925288293,lm_p_maxloss,26.06197617355086,0.9946844676935099,1.682849659448159,1.9309261,1.9309260580670533,1.9309261,12.066415187899725,0.35789473684210527,0.017388047699241488,0.036912456328296886,0.09036144578313253,0.025657675344627113,0.019113061979785913,0.0034444230647447207,0.44110954,26.386768,0.9537227253781209,0.8709726615636643,0.8775518512654649,0.8663101673392765,0.8709726615636643
138,139,2,cut,11,quickshift,blend_2,100,100,False,30000,5000,3,0.3983992192156311,lm_p_maxloss,29.258113626061657,0.9921672188816537,1.5202402556929375,1.8855544,1.8855544658070964,1.8855544,11.743530025018563,0.33980582524271846,0.021265052391319327,0.035988358861129256,0.4,0.05417672725713759,0.07649613260443985,0.004233717588552584,0.4163388,29.077503,0.942477472400672,0.9383872916372231,0.9517741509401332,0.9478694266889214,0.9383872916372231
139,140,2,cut,11,quickshift,blend_3,100,100,False,30000,5000,3,0.43301956565578803,lm_p_maxloss,29.148023310168433,0.9927316306746293,1.6616743645044825,1.9205828,1.9205828041894821,1.7545785,12.321435605278966,1.0,0.03510420167688607,0.11293431864540822,0.4,0.05417672725713759,0.07649613260443985,0.004233717588552584,0.4163388,29.077503,0.942477472400672,1.0,0.9759425335267806,0.9601512991198867,1.0
140,141,2,cut,12,quickshift,blend_2,100,100,False,30000,5000,3,0.6029664070463409,lm_p_maxloss,40.280141290926835,0.9888125973876708,1.7351350423020706,3.0095356,3.009535597004814,3.0095356,17.033990217752102,0.24817518248175183,0.01923671120468627,0.02481709274588385,0.36597938144329895,0.05312485013715661,0.061112644432376885,0.006294688015865783,0.44970706,39.81578,0.9548439936581217,0.8318398141105443,0.8463186241233082,0.8361116864247594,0.8318398141105443
141,142,2,cut,12,quickshift,blend_3,100,100,False,30000,5000,3,0.6060579939390689,lm_p_maxloss,40.22577628566815,0.9890035577917294,1.7504799995585056,3.378657,3.378657176324486,3.378657,17.11585226432084,0.30656934306569344,0.021334705801198398,0.030504131247392333,0.36597938144329895,0.05312485013715661,0.061112644432376885,0.006294688015865783,0.44970706,39.81578,0.9548439936581217,0.8952489375916228,0.8748754963858573,0.8535554458341328,0.8952489375916228
142,143,2,cut,13,quickshift,blend_2,100,100,False,30000,5000,3,0.4577811185701483,lm_p_maxloss,29.196738657055825,0.984991484720167,1.959743912376748,3.3727634,3.372763323291121,1.8488595,12.019611954842436,0.4101123595505618,0.036774428948439325,0.05072698533429843,0.4090909090909091,0.07758027168515316,0.09176216783531387,0.0033271186985075474,0.4992694,29.23251,0.9487559746910217,0.9303283774770614,0.9592067440689882,0.95694617196849,0.9303283774770614
143,144,2,cut,13,quickshift,blend_3,100,100,False,30000,5000,3,0.5543923380527067,lm_p_maxloss,29.22257062741672,0.9875163474975619,2.3628554939047572,4.4836254,4.4836254342317705,2.2363436,13.771701698578115,0.6910112359550562,0.04256518265037222,0.08510990778168337,0.4090909090909091,0.07758027168515316,0.09176216783531387,0.0033271186985075474,0.4992694,29.23251,0.9487559746910217,0.967857652943077,0.9738656233576966,0.9762367801077975,0.9669563360497637
144,145,2,cut,14,quickshift,blend_2,100,100,False,30000,5000,3,0.4411613907067649,lm_p_maxloss,32.09805669932303,0.9718801826422935,1.6737974894145335,2.548479,2.5484791572071184,1.3685274,14.18689100003259,0.03773584905660377,0.01105807528642824,0.00576746038084335,0.021267361111111112,0.009006833717764872,0.006752533143602426,0.0005745025118812919,0.35519198,34.28088,0.8415923780785801,0.7657359394697336,0.7755296272997717,0.7806084855654162,0.7638562731982146
145,146,2,cut,14,quickshift,blend_3,100,100,False,30000,5000,3,0.41285448205406206,lm_p_maxloss,32.08537782543788,0.9691208495462252,1.5662222798126746,2.101605,2.1016049901613387,0.40524825,13.390327743810484,0.022027421892560125,0.00833545553788354,0.0052627874994068905,0.021267361111111112,0.009006833717764872,0.006752533143602426,0.0005745025118812919,0.35519198,34.28088,0.8415923780785801,0.7478377572323291,0.7487255862679101,0.7487230800462148,0.7478377572323293
146,147,2,cut,15,quickshift,blend_2,100,100,False,30000,5000,3,0.6137677631879775,lm_p_maxloss,46.918979766516046,0.98706998162261,1.4286563491125037,2.7194834,2.7194834887364716,2.6627247,17.525967805373316,0.17110266159695817,0.030878589582755286,0.032165785675722876,0.28957528957528955,0.0740470957114858,0.08199157365391183,0.010319903454122445,0.5263932,46.530327,0.9659797846307001,0.9089705701268317,0.9476817189307498,0.9449505802206416,0.908857838571882
147,148,2,cut,15,quickshift,blend_3,100,100,False,30000,5000,3,0.6508600257596104,lm_p_maxloss,46.86968989572518,0.9890694911916244,1.5117026411850534,3.0328043,3.032804213711819,3.0328043,18.746373207627702,0.323943661971831,0.030837960741345274,0.04607885028846004,0.28957528957528955,0.0740470957114858,0.08199157365391183,0.010319903454122445,0.5263932,46.530327,0.9659797846307001,0.8732932008997712,0.9442806946344983,0.9313191673127051,0.8732932008997712
148,149,2,cut,16,quickshift,blend_2,100,100,False,30000,5000,3,0.559468169678869,lm_p_maxloss,32.746016231084624,0.9921390986269516,1.82428098384117,3.6736128,3.6736127817727815,3.6736128,15.056375615893169,0.116991643454039,0.01822465218062751,0.013662019331801147,0.16452442159383032,0.04564227602497766,0.03809110338297998,0.003619765557232313,0.3877661,33.08493,0.9347894380588725,0.8808205209349754,0.8974221597930585,0.8995758734106819,0.8807821195965732
149,150,2,cut,16,quickshift,blend_3,100,100,False,30000,5000,3,0.5218478206229005,lm_p_maxloss,32.80249299109393,0.9904400848274251,1.6917833188081646,2.993936,2.9939361723673947,1.4607993,14.565768623288882,0.08333333333333333,0.020641933367081432,0.01722755312068152,0.16452442159383032,0.04564227602497766,0.03809110338297998,0.003619765557232313,0.3877661,33.08493,0.9347894380588725,0.9317483296574461,0.9236803472591391,0.9137172819440145,0.9317483296574461
150,151,3,hole,0,quickshift,blend_2,100,100,False,30000,5000,3,0.9407194354035732,lm_p_maxloss,46.51251947826633,0.9932564200817295,2.1772210869512842,6.6084385,6.608438674663332,2.8525944,23.10681193756244,0.7219730941704036,0.051467410654051034,0.10184546113401717,0.5603448275862069,0.11444294429164466,0.14272792732583575,0.007878258533310145,0.44694832,46.57235,0.9853175848517566,0.9347734941811697,0.98602487358844,0.9900727072842971,0.9347734941811697
151,152,3,hole,0,quickshift,blend_3,100,100,False,30000,5000,3,1.1920232334200251,lm_p_maxloss,46.79472372864588,0.9952210998501464,2.753433968972233,10.205416,10.205415336655856,3.9174972,25.49531036167871,0.9730941704035875,0.05732342972754834,0.12465227068269812,0.5603448275862069,0.11444294429164466,0.14272792732583575,0.007878258533310145,0.44694832,46.57235,0.9853175848517566,0.9815749757970734,0.99755820287061,0.9966824856273878,0.9804473094864097
152,153,3,hole,1,quickshift,blend_2,100,100,False,30000,5000,3,0.5091770692519759,lm_p_maxloss,33.48300988911285,0.9795301414931089,1.7141733487920339,2.6490738,2.649073868747204,2.6490738,14.536480334330893,0.3880597014925373,0.014901188053842362,0.03874773737751615,0.28431372549019607,0.037526102974548815,0.051746189382803454,0.011035377567168325,0.43680596,34.44818,0.9279910431296359,0.9078591232109356,0.9244200033112613,0.9352904534141208,0.9078591232109356
153,154,3,hole,1,quickshift,blend_3,100,100,False,30000,5000,3,0.539729006415868,lm_p_maxloss,33.40965724124486,0.9809511668701519,1.82437482740585,2.9229035,2.9229034448641946,2.9229035,15.33603556754451,0.746268656716418,0.019750484303364166,0.07469564300920564,0.28431372549019607,0.037526102974548815,0.051746189382803454,0.011035377567168325,0.43680596,34.44818,0.9279910431296359,0.9452946702413654,0.9515192926706786,0.9503274215427733,0.9452946702413654
154,155,3,hole,2,quickshift,blend_2,100,100,False,30000,5000,3,0.5536393492374151,lm_p_maxloss,34.85158946462303,0.9920970001080437,1.7408591715487716,3.8882625,3.8882626278673866,2.1711771,14.771473705358416,0.4067796610169492,0.030109673869629656,0.057208507340497525,0.5166666666666667,0.06991177810059103,0.10496259401899818,0.028655616057221778,0.442268,35.106895,0.9684889141747266,0.9576401436291151,0.9899139725787595,0.9925757585230292,0.9575005157894078
155,156,3,hole,2,quickshift,blend_3,100,100,False,30000,5000,3,0.6760631254237309,lm_p_maxloss,34.89591373356709,0.9947965180668935,2.1284551864982317,4.9785614,4.978561635785178,3.5006275,16.959973660053098,1.0,0.03617955534548592,0.1139275782514937,0.5166666666666667,0.06991177810059103,0.10496259401899818,0.028655616057221778,0.442268,35.106895,0.9684889141747266,1.0,0.9998160872111319,0.9988048273720582,1.0
156,157,3,hole,3,quickshift,blend_2,100,100,False,30000,5000,3,0.7687397713430602,lm_p_maxloss,32.847919798911796,0.9906285798743376,2.469761333048836,6.909779,6.9097792458317695,6.909779,17.01081252545415,0.6056338028169014,0.030083069993099162,0.06236131478895092,0.5866666666666667,0.09373052406820798,0.12948663470734187,0.020299187965671688,0.4197463,32.93244,0.9768527431055983,0.9326298884304473,0.9780420610103175,0.9897466314944215,0.9326298884304473
157,158,3,hole,3,quickshift,blend_3,100,100,False,30000,5000,3,0.8553492649895303,lm_p_maxloss,32.805775545900914,0.9919004543885996,2.7462994729747354,7.910074,7.910074233278606,7.910074,17.566890398670058,0.823943661971831,0.03370044008584106,0.08525872358483791,0.5866666666666667,0.09373052406820798,0.12948663470734187,0.020299187965671688,0.4197463,32.93244,0.9768527431055983,0.9678615344325527,0.9872314170703325,0.9897956263625343,0.9678615344325527
158,159,3,hole,4,quickshift,blend_2,100,100,False,30000,5000,3,1.2818981314989175,lm_p_maxloss,44.956475188595974,0.9963245481759603,3.094351699688515,12.047001,12.047001021450566,12.047001,25.357327753652516,0.4473684210526316,0.03582682553853347,0.0478048162479547,0.5088757396449705,0.09962575018209305,0.123928638076494,0.00735938238115826,0.4692728,44.936317,0.97245081024161,0.9418624831809052,0.9797420097111991,0.9904669045715437,0.941295671561267
159,160,3,hole,4,quickshift,blend_3,100,100,False,30000,5000,3,1.2768198409024905,lm_p_maxloss,44.96270465287507,0.9963264064277243,3.0836396653941747,12.179557,12.179557096394639,12.179557,24.062528385629495,0.4631578947368421,0.044012941534086754,0.06419993435408616,0.5088757396449705,0.09962575018209305,0.123928638076494,0.00735938238115826,0.4692728,44.936317,0.97245081024161,0.9855131530196368,0.9907737108610726,0.9947709678048401,0.9855131530196368
160,161,3,hole,5,quickshift,blend_2,100,100,False,30000,5000,3,0.9715518666602067,lm_p_maxloss,37.890529347354914,0.9955225537093166,2.7789858190751797,8.938721,8.93872034236985,8.938721,20.143299592994815,0.7025641025641025,0.042113342472923296,0.076923155330458,0.4942084942084942,0.09646344217804691,0.10910456599011947,0.006845055817393586,0.37703204,38.472076,0.9676174547136311,0.9625847560309232,0.9968684022547757,0.9996927321653989,0.9625467435153023
161,162,3,hole,5,quickshift,blend_3,100,100,False,30000,5000,3,1.1292233833445524,lm_p_maxloss,38.04477765204973,0.9970659959664878,3.201016346384335,10.851028,10.851028701516661,10.851028,21.268238678375344,1.0,0.05065724959564905,0.11446054754450416,0.4942084942084942,0.09646344217804691,0.10910456599011947,0.006845055817393586,0.37703204,38.472076,0.9676174547136311,1.0,0.9999996832290364,0.9999923974968759,1.0
162,163,3,hole,6,quickshift,blend_2,100,100,False,30000,5000,3,0.9523935249402607,lm_p_maxloss,53.36096672840927,0.9912166557190749,1.9503741475894059,5.202819,5.202819099631943,5.1010375,26.26952725037194,0.08557844690966719,0.030621380614709714,0.01707745304885326,0.3235294117647059,0.07212084737562943,0.07240272186604071,0.013016710974625312,0.5094105,53.742386,0.9234103941356796,0.8999005058321814,0.9167802560835299,0.9200034374407556,0.8995724392735736
163,164,3,hole,6,quickshift,blend_3,100,100,False,30000,5000,3,0.9336853011491002,lm_p_maxloss,53.393899458807766,0.99150820429474,1.905143161146535,5.152183,5.152183293285392,5.152183,26.0260325851736,0.24413145539906103,0.028570421560295794,0.02777932692573747,0.3235294117647059,0.07212084737562943,0.07240272186604071,0.013016710974625312,0.5094105,53.742386,0.9234103941356796,0.7900141765398733,0.9109267357696776,0.9240165914581341,0.7885573287601436
164,165,3,hole,7,quickshift,blend_2,100,100,False,30000,5000,3,0.3838695140246732,lm_p_maxloss,28.976298066114104,0.9915081103478182,1.4719436692632186,1.915624,1.9156240387199357,1.3246175,10.75802207483692,0.009554140127388535,0.004806906185258464,0.0023912941852560726,0.39215686274509803,0.02632349684519302,0.06274698790856688,0.017182321336197976,0.4589322,29.254997,0.9805915711697296,0.8420264959879521,0.8549136801813462,0.865101065957597,0.8420264959879521
165,166,3,hole,7,quickshift,blend_3,100,100,False,30000,5000,3,0.4023834379411381,lm_p_maxloss,29.02744069505981,0.9907176592568906,1.5373632063366716,1.8000765,1.8000765112235768,1.8000765,11.342708660306831,0.6923076923076923,0.012870408083269835,0.06873181353199317,0.39215686274509803,0.02632349684519302,0.06274698790856688,0.017182321336197976,0.4589322,29.254997,0.9805915711697296,0.855368614255124,0.9420712050262372,0.9450439638876469,0.8538814504553263
166,167,3,hole,8,quickshift,blend_2,100,100,False,30000,5000,3,0.5477224901013567,lm_p_maxloss,35.570536517949236,0.9694585332790729,1.889666406838097,3.2622511,3.2622511471933,3.2622511,15.052337454969713,0.06756756756756757,0.01332360079302524,0.010730118529384962,0.4370860927152318,0.058771913494335304,0.08433049074464093,0.006386845110682771,0.53647435,36.774364,0.9455516443659907,0.8135262419367629,0.9190776794425808,0.9096793322553619,0.8693522863220605
167,168,3,hole,8,quickshift,blend_3,100,100,False,30000,5000,3,0.5827784028555617,lm_p_maxloss,35.39320988550625,0.9718371460330314,2.0341417666906354,3.5978942,3.59789420142845,3.5978942,15.604351450073768,0.9101123595505618,0.02796234673118649,0.09324261676469417,0.4370860927152318,0.058771913494335304,0.08433049074464093,0.006386845110682771,0.53647435,36.774364,0.9455516443659907,0.9934963161650882,0.9951615405566607,0.9887723193507347,0.9934963161650883
168,169,3,hole,9,quickshift,blend_2,100,100,False,30000,5000,3,0.7840288248150167,lm_p_maxloss,52.319918207774336,0.9723301948313061,1.6689513907302642,4.7087708,4.708770878522949,4.7087708,22.46288812501883,0.10062893081761007,0.026092469288857778,0.022445110786338606,0.4444444444444444,0.05272673030471755,0.06518957702093867,0.015758506536561374,0.49968156,53.424084,0.9319624042145593,0.9443223607690203,0.9579664408866995,0.9623430658182814,0.9443223607690202
169,170,3,hole,9,quickshift,blend_3,100,100,False,30000,5000,3,0.7305179648454597,lm_p_maxloss,52.28089873770776,0.971451298250872,1.5602564915839412,4.4198847,4.41988455796969,1.315446,21.750747818613135,0.07020965382740127,0.017802969517546955,0.013223223117669524,0.4444444444444444,0.05272673030471755,0.06518957702093867,0.015758506536561374,0.49968156,53.424084,0.9319624042145593,0.8900554187192119,0.8987612034756431,0.9053400383141764,0.8900554187192118
170,171,3,hole,10,quickshift,blend_2,100,100,False,30000,5000,3,0.8904592299019828,lm_p_maxloss,60.689567069583966,0.9241950994321841,1.7624840487417908,5.750211,5.750210914978631,2.9895136,25.241019706200113,0.5232067510548524,0.05291122016861283,0.08032239908956658,0.5487364620938628,0.11120316796141268,0.1164982538195715,0.015466475451830775,0.5555341,66.42563,0.9442116587606638,0.8697517716318873,0.9478670255006809,0.9517920665071093,0.9109304049634698
171,172,3,hole,10,quickshift,blend_3,100,100,False,30000,5000,3,1.088421956901044,lm_p_maxloss,60.9884066331665,0.9304393704996441,2.1361802046025273,6.530713,6.5307128569885915,4.277684,30.473599919014962,0.7088607594936709,0.04878537767379032,0.09142178652420034,0.5487364620938628,0.11120316796141268,0.1164982538195715,0.015466475451830775,0.5555341,66.42563,0.9442116587606638,0.8821891906087505,0.9463494544714319,0.9569205811898539,0.8869853160794066
172,173,3,hole,11,quickshift,blend_2,100,100,False,30000,5000,3,0.7775147331808037,lm_p_maxloss,45.6109386671854,0.9955128441400034,1.7922477573252407,5.014586,5.014585963027033,2.0069647,21.473717275131303,0.08551881413911061,0.029883907894535957,0.017726580305099642,0.3694915254237288,0.07218168894611664,0.0705305259429319,0.01141826312232297,0.46092904,46.115685,0.9233613069876191,0.8917577959109385,0.9077849439282432,0.9141856236495409,0.8917577959109385
173,174,3,hole,11,quickshift,blend_3,100,100,False,30000,5000,3,0.754006736808233,lm_p_maxloss,45.510749433335874,0.9945667277562058,1.7404904019842122,3.7296562,3.72965625667331,3.7296562,21.265051138875073,0.24056603773584906,0.03846136264999027,0.03920864406406994,0.3694915254237288,0.07218168894611664,0.0705305259429319,0.01141826312232297,0.46092904,46.115685,0.9233613069876191,0.8956579389487537,0.937885595415323,0.9405360534630085,0.8958236108064719
174,175,3,hole,12,quickshift,blend_2,100,100,False,30000,5000,3,1.7032011212187088,lm_p_maxloss,54.88268178527342,0.9935373045158536,3.389503006092616,16.857565,16.857565737260614,16.857565,30.178872739430677,0.48484848484848486,0.0478522885221191,0.06010784383697832,0.6883116883116883,0.12788707683602651,0.15730356505626802,0.01739746906484167,0.48864162,55.690914,0.9493580344386796,0.9256935436874953,0.9762396373787502,0.986029024738702,0.9256935436874953
175,176,3,hole,12,quickshift,blend_3,100,100,False,30000,5000,3,1.7565387037778757,lm_p_maxloss,54.771514783296965,0.9940020070415725,3.513032735176843,17.5517,17.551700083793158,1.7254696,30.29981045745693,0.6856060606060606,0.06333091916989834,0.11282947940115508,0.6883116883116883,0.12788707683602651,0.15730356505626802,0.01739746906484167,0.48864162,55.690914,0.9493580344386796,0.9355473155876382,0.9708561264004814,0.9842553951424918,0.9355473155876383
176,177,3,hole,13,quickshift,blend_2,100,100,False,30000,5000,3,1.6977328571833934,lm_p_maxloss,54.72033293104748,0.997053690151549,3.4977814573125086,16.051125,16.051125299928362,4.4827394,32.36452956278717,0.4856396866840731,0.06546121737436468,0.0700818735361876,0.6070528967254408,0.16409513015640795,0.15616167435539507,0.01601944160453665,0.47423324,54.92279,0.95499842624384,0.9519951203743511,0.9763900585725214,0.9840301375940572,0.9518218763230513
177,178,3,hole,13,quickshift,blend_3,100,100,False,30000,5000,3,1.8685285069278228,lm_p_maxloss,54.94323789444694,0.9972310867917774,3.834577392983513,17.733744,17.733742920429908,4.805224,34.554318754224504,0.7486910994764397,0.07093047016809911,0.10291905565215208,0.6070528967254408,0.16409513015640795,0.15616167435539507,0.01601944160453665,0.47423324,54.92279,0.95499842624384,0.9565342290328892,0.9849253136551649,0.9877027806079215,0.9545878100315995
178,179,3,hole,14,quickshift,blend_2,100,100,False,30000,5000,3,2.084135488174418,lm_p_maxloss,58.61372640788544,0.9910111153684982,3.812103097142432,19.05096,19.050959880961397,8.410103,40.259323191156476,0.45982142857142855,0.06734227347190078,0.05613224451066259,0.5609756097560976,0.1593720462232067,0.1388959892205905,0.003501568950014189,0.55673087,58.366283,0.9160157650692053,0.8941390562248995,0.9458675242263699,0.9651297713174124,0.8941390562248995
179,180,3,hole,14,quickshift,blend_3,100,100,False,30000,5000,3,2.214960000457489,lm_p_maxloss,58.32248787556948,0.9935926680564259,4.063563902158492,20.79428,20.794278165601135,6.8024015,42.827805680452535,0.6674107142857143,0.0689594724933535,0.08874496754183532,0.5609756097560976,0.1593720462232067,0.1388959892205905,0.003501568950014189,0.55673087,58.366283,0.9160157650692053,0.8489290588694061,0.9394351961417097,0.9550527724738238,0.8519278004876649
180,181,3,hole,15,quickshift,blend_2,100,100,False,30000,5000,3,1.0289499243475089,lm_p_maxloss,38.95043911939834,0.9966730695747603,2.848182615821037,9.364974,9.36497359386423,9.364974,20.85240675743288,0.5188679245283019,0.020369475654262635,0.05191629639579674,0.6694214876033058,0.0806595216183442,0.13467209998877466,0.01862830624547011,0.52369744,39.179985,0.9877691153936207,0.910269851425816,0.9664572162451,0.9869641164020426,0.9102698514258161
181,182,3,hole,15,quickshift,blend_3,100,100,False,30000,5000,3,1.1217283530318252,lm_p_maxloss,38.958353852880386,0.9969104473624264,3.106359151858819,9.838389,9.838389414136481,9.838389,23.214619942340494,0.5943396226415094,0.020795761034700377,0.059047972522371296,0.6694214876033058,0.0806595216183442,0.13467209998877466,0.01862830624547011,0.52369744,39.179985,0.9877691153936207,0.9043065417614237,0.9672396126731994,0.9802673825304207,0.9043065417614237
182,183,3,hole,16,quickshift,blend_2,100,100,False,30000,5000,3,0.4896194610026023,lm_p_maxloss,34.72950139764855,0.9875707478067293,1.5877965973417216,2.3013058,2.3013058449825317,1.5160217,14.771906874763765,0.3589420654911839,0.07867768646654323,0.06165825333352935,0.5959409594095941,0.15126809646751666,0.13669973993769832,0.003432800032896921,0.35496348,34.838413,0.9168672394478845,0.9196734935274835,0.936473171617484,0.9407291580466453,0.9196734935274834
183,184,3,hole,16,quickshift,blend_3,100,100,False,30000,5000,3,0.6315837016674741,lm_p_maxloss,34.80561099982228,0.9918039312686855,2.0355730676122765,4.9200363,4.920036550830077,2.017696,16.601054135348594,0.6174636174636174,0.08919668773118937,0.10778841046566245,0.5959409594095941,0.15126809646751666,0.13669973993769832,0.003432800032896921,0.35496348,34.838413,0.9168672394478845,0.9209502044816136,0.9459816352855401,0.9517467055667396,0.9209502044816137
184,185,3,hole,17,quickshift,blend_2,100,100,False,30000,5000,3,2.5479419193275037,lm_p_maxloss,66.42657428576257,0.9976933583551445,4.120394978778922,24.901812,24.901811678020557,3.6464446,42.62426550474539,0.6620370370370371,0.09383009507250371,0.10909319885195513,0.6547884187082406,0.18786430770580995,0.1724263582555716,0.01519832544727251,0.49060583,67.04447,0.9758733721957912,0.9741186518024209,0.9891527856834248,0.9931634481981271,0.9740448904488378
185,186,3,hole,17,quickshift,blend_3,100,100,False,30000,5000,3,2.5838890788800897,lm_p_maxloss,66.28734393733524,0.9973873394480078,4.19076735592897,25.054356,25.054354953147246,3.2471337,44.226181675871416,0.8841607565011821,0.09480243222684871,0.13647695559976702,0.6547884187082406,0.18786430770580995,0.1724263582555716,0.01519832544727251,0.49060583,67.04447,0.9758733721957912,0.9849166918832739,0.9911335298229149,0.9932028468327719,0.984916691883274
186,187,4,print,0,quickshift,blend_2,100,100,False,30000,5000,3,4.18501374438282,lm_p_maxloss,145.91639243067854,0.9950111976716302,3.1653621851587825,34.253292,34.25329178894608,6.99894,93.67336892906475,0.34394904458598724,0.11045634513050506,0.07864185230275862,0.5615763546798029,0.2234564005292253,0.1677656070982573,0.022110158655171592,0.73441696,148.21477,0.946244722463427,0.9103959284340976,0.9732608182425299,0.9803592161028939,0.9065535947886803
187,188,4,print,0,quickshift,blend_3,100,100,False,30000,5000,3,4.442128301145825,lm_p_maxloss,145.44099720432553,0.9952485177313802,3.3865267440343985,35.27079,35.27079021003149,9.530527,100.538145408339,0.4171974522292994,0.10758563131480298,0.07321488014695768,0.5615763546798029,0.2234564005292253,0.1677656070982573,0.022110158655171592,0.73441696,148.21477,0.946244722463427,0.9135249052832769,0.9777321711838014,0.9848087898574276,0.9133908950669687
188,189,4,print,1,quickshift,blend_2,100,100,False,30000,5000,3,4.887641337407061,lm_p_maxloss,151.54414411357365,0.983667959747204,3.442965076408653,31.214746,31.214747206749067,13.015171,114.17763107738293,0.42924528301886794,0.07987125100216078,0.0685490307404873,0.6241610738255033,0.2214652328692742,0.196475242614759,0.03260235697962344,0.78577864,152.19542,0.9607572882678393,0.9350847637962831,0.9904784071026624,0.9925936598571903,0.93133423180593
189,190,4,print,1,quickshift,blend_3,100,100,False,30000,5000,3,6.626810775329685,lm_p_maxloss,152.6746186180158,0.9877971090683444,4.685886014773474,61.284153,61.28415372267631,5.3186774,122.29299304566536,0.5259433962264151,0.08009463795662747,0.08438502024812986,0.6241610738255033,0.2214652328692742,0.196475242614759,0.03260235697962344,0.78577864,152.19542,0.9607572882678393,0.915423730316357,0.9912001406818933,0.9936501040336689,0.9055530926372535
190,191,4,print,2,quickshift,blend_2,100,100,False,30000,5000,3,4.195064619893382,lm_p_maxloss,157.43236473155008,0.9970109054323079,2.797967058654983,26.492104,26.49210403282554,7.698472,99.66031066389979,0.532258064516129,0.07906385538561739,0.09962839980910083,0.44583333333333336,0.14911492206256474,0.13270877586133378,0.031120157257343333,0.77780616,156.39557,0.976536141314164,0.9423829104905939,0.9806230859693273,0.9794599172376147,0.9423829104905939
191,192,4,print,2,quickshift,blend_3,100,100,False,30000,5000,3,4.149712590007424,lm_p_maxloss,157.85629133591397,0.995489653426454,2.7624749495802012,26.833576,26.83357661953588,7.250649,97.3972597374762,0.603225806451613,0.0776936252938953,0.1082782041233236,0.44583333333333336,0.14911492206256474,0.13270877586133378,0.031120157257343333,0.77780616,156.39557,0.976536141314164,0.9341655729348538,0.9868449148494665,0.9881692334244442,0.9341180106523458
192,193,4,print,3,quickshift,blend_2,100,100,False,30000,5000,3,1.4202185708859099,lm_p_maxloss,58.584654237574725,0.9805709427548742,2.6469646524350727,11.234612,11.234612555458694,7.526489,34.68778019984259,0.41924398625429554,0.043466314474237426,0.046426292648751206,0.6304347826086957,0.13362887797803522,0.1481518348679621,0.005770453756364684,0.78404224,60.613045,0.9192517802984926,0.8307966388664855,0.9541863946737423,0.9705444919276123,0.8307966388664855
193,194,4,print,3,quickshift,blend_3,100,100,False,30000,5000,3,1.4104685378551145,lm_p_maxloss,58.17962358789477,0.984765649436306,2.6553955111481016,12.163257,12.163256486485734,5.879016,32.758023890492204,0.4639175257731959,0.048209004183298966,0.05296205731685331,0.6304347826086957,0.13362887797803522,0.1481518348679621,0.005770453756364684,0.78404224,60.613045,0.9192517802984926,0.8776048923535729,0.9436533311638131,0.9672788941767386,0.8776048923535729
194,195,4,print,4,quickshift,blend_2,100,100,False,30000,5000,3,4.0819745083882175,lm_p_maxloss,150.3417867078278,0.994640962249841,2.9330351514746695,32.796864,32.796861752345215,15.988314,96.48372592845658,0.2918287937743191,0.0825966803557174,0.05037960308122374,0.5305039787798409,0.19564048450930663,0.15151608918504267,0.019176305116464693,0.7991465,153.30862,0.9074564984467671,0.8771834138758738,0.9558690625927098,0.9707348618027308,0.8724692847283007
195,196,4,print,4,quickshift,blend_3,100,100,False,30000,5000,3,4.221850129451824,lm_p_maxloss,150.81973590692292,0.9936621432880337,3.0107032489794006,34.377277,34.37727636214988,15.943967,99.46356512144364,0.32490272373540857,0.08523722715660659,0.054724625544586715,0.5305039787798409,0.19564048450930663,0.15151608918504267,0.019176305116464693,0.7991465,153.30862,0.9074564984467671,0.9132497995630843,0.9719566075531005,0.9813118013823404,0.9132497995630844
196,197,4,print,5,quickshift,blend_2,100,100,False,30000,5000,3,4.602014291300368,lm_p_maxloss,97.73523818645688,0.98530417387879,5.139075592085226,45.762318,45.76231907040471,45.762318,75.12173121714403,0.23880597014925373,0.044632753170634656,0.03828124840407954,0.542319749216301,0.134802731257237,0.14622398735625206,0.03484918062652772,0.79719675,95.61752,0.9366219211092711,0.7560025403511111,0.9478283378342836,0.9606032569838819,0.8848396930092649
197,198,4,print,5,quickshift,blend_3,100,100,False,30000,5000,3,4.74425409931949,lm_p_maxloss,98.22112712853655,0.9851216834185411,5.326863523287331,47.180267,47.180266674027735,5.3849387,76.94600111918065,0.3246268656716418,0.045231411034865665,0.0452404595497745,0.542319749216301,0.134802731257237,0.14622398735625206,0.03484918062652772,0.79719675,95.61752,0.9366219211092711,0.8669318615411401,0.9458820936271732,0.954888161574851,0.8543701818532059
198,199,4,print,6,quickshift,blend_2,100,100,False,30000,5000,3,4.943098970253161,lm_p_maxloss,163.39921731044893,0.9815865486687507,3.1705864548285474,41.21016,41.21015784127222,7.661276,109.03760953796719,0.5668662674650699,0.110704609467901,0.0998853879136516,0.535031847133758,0.21225091675784624,0.1617162476743276,0.015421113542591533,0.803999,164.83942,0.971747998054134,0.9503765245433078,0.9874221210666874,0.9899703206443626,0.9491062576729058
199,200,4,print,6,quickshift,blend_3,100,100,False,30000,5000,3,5.190223831014412,lm_p_maxloss,162.38719912551278,0.9863593754846056,3.370469219915335,40.79147,40.79146814703177,6.6531773,115.09930823433015,0.6007984031936128,0.1135407403077536,0.12141336797357415,0.535031847133758,0.21225091675784624,0.1617162476743276,0.015421113542591533,0.803999,164.83942,0.971747998054134,0.9453187059112274,0.9917222785430838,0.9918460629581358,0.9479492189831757
200,201,4,print,7,quickshift,blend_2,100,100,False,30000,5000,3,2.4138926318702416,lm_p_maxloss,79.96227598993072,0.9972470612845843,3.18365634199468,21.811874,21.8118744562767,6.413496,51.058839340416135,0.26011560693641617,0.06068687729502248,0.04146804535409435,0.41924398625429554,0.14538846493762603,0.12896461726616867,0.009100576154499626,0.77945644,80.957275,0.9305113145297259,0.9110267918606605,0.9553403513476303,0.9640288923632961,0.911437665746165
201,202,4,print,7,quickshift,blend_3,100,100,False,30000,5000,3,2.549976844422269,lm_p_maxloss,80.21684443532854,0.9967871353582278,3.3477425797436755,22.980314,22.98031374296683,2.7184722,52.878475857581364,0.34971098265895956,0.06574632573823622,0.058600340301872715,0.41924398625429554,0.14538846493762603,0.12896461726616867,0.009100576154499626,0.77945644,80.957275,0.9305113145297259,0.9117752851428724,0.953974015470483,0.9627306750513771,0.9117266290248521
202,203,4,print,8,quickshift,blend_2,100,100,False,30000,5000,3,6.761075077786559,lm_p_maxloss,207.89102978631723,0.9923388053994591,3.5952482938746693,44.370274,44.37027274795295,19.904284,150.01130434717476,0.6943231441048034,0.10439612397523247,0.11031845836169393,0.5356643356643357,0.2086399220620067,0.16443238335398586,0.0362427148114269,0.7428634,206.05014,0.9730404320857328,0.955344299810203,0.9979358682377611,0.9961656723481473,0.9542657580611639
203,204,4,print,8,quickshift,blend_3,100,100,False,30000,5000,3,6.4094349686895375,lm_p_maxloss,208.2397094624067,0.9914565295641579,3.4082588288795113,45.029488,45.02948931551964,10.319849,144.97822506360333,0.7314410480349345,0.09459750820847074,0.12236736181674232,0.5356643356643357,0.2086399220620067,0.16443238335398586,0.0362427148114269,0.7428634,206.05014,0.9730404320857328,0.8958888461755706,0.9967292779322708,0.9956064538666002,0.8932534313996995
204,205,4,print,9,quickshift,blend_2,100,100,False,30000,5000,3,1.5792170547295767,lm_p_maxloss,66.32250666506692,0.9946607364427568,2.524403257132808,9.543112,9.543111478231664,1.409219,39.400224182956165,0.3041182682154171,0.09173929647548779,0.07886331225117098,0.47983310152990266,0.1759038520421349,0.1395490429265144,0.005477568677936991,0.6961614,67.79491,0.9367775788527065,0.9499835508675241,0.976081530460287,0.9773036777991372,0.9499835508675242
205,206,4,print,9,quickshift,blend_3,100,100,False,30000,5000,3,1.5906647131097742,lm_p_maxloss,66.34816880239612,0.9942087650665434,2.5246257083385104,11.007688,11.007687745718911,1.7301726,39.68663470524476,0.44670542635658916,0.09227189157086149,0.09142854169128138,0.47983310152990266,0.1759038520421349,0.1395490429265144,0.005477568677936991,0.6961614,67.79491,0.9367775788527065,0.9544529193858441,0.9808209045269662,0.9825645641340847,0.9544529193858441
206,207,4,print,10,quickshift,blend_2,100,100,False,30000,5000,3,4.7330355620551074,lm_p_maxloss,159.07189207952305,0.9909541398846573,3.195498595768255,38.0888,38.08879667483476,5.0622416,105.25124272999996,0.5463414634146342,0.09268458933312258,0.09565304711836563,0.5210727969348659,0.17493688187803738,0.150533399645638,0.044591899340351425,0.76039654,160.45395,0.9578467448628412,0.9248731169858336,0.9854464724689815,0.9882917973414115,0.9296751275701063
207,208,4,print,10,quickshift,blend_3,100,100,False,30000,5000,3,4.955774001429641,lm_p_maxloss,159.52518685973058,0.9907735659042233,3.331707805037739,38.488567,38.4885661817777,5.0821414,109.79731521037094,0.6439024390243903,0.0859754398590296,0.10412945439100392,0.5210727969348659,0.17493688187803738,0.150533399645638,0.044591899340351425,0.76039654,160.45395,0.9578467448628412,0.9200821762192832,0.9739889820959058,0.9794829708031649,0.919814668348261
208,209,4,print,11,quickshift,blend_2,100,100,False,30000,5000,3,4.62082422013679,lm_p_maxloss,175.95450678525575,0.9801460392119812,2.751669156636054,35.129417,35.129418381929824,10.717801,115.4922458380739,0.3253012048192771,0.11362745225240001,0.061689331861720785,0.6195219123505976,0.2613452489442053,0.166731248592736,0.016165653457089018,0.7221651,171.41626,0.9175298058078307,0.9099466734957338,0.9523979558038722,0.9645598079244107,0.9095771606484166
209,210,4,print,11,quickshift,blend_3,100,100,False,30000,5000,3,4.965109032932018,lm_p_maxloss,174.37309154419415,0.9800053186245902,3.005962411852014,40.206345,40.20634424061334,6.0799923,117.3614990735658,0.35764499121265375,0.10696144456530417,0.05876524228346167,0.6195219123505976,0.2613452489442053,0.166731248592736,0.016165653457089018,0.7221651,171.41626,0.9175298058078307,0.8924560890450024,0.9531675184150533,0.9721437076986961,0.8924560890450024
210,211,4,print,12,quickshift,blend_2,100,100,False,30000,5000,3,3.18144629981035,lm_p_maxloss,107.48218766693691,0.9888311650993973,3.2612656655161594,21.73005,21.7300494704635,3.4310224,70.53598155045991,0.43902439024390244,0.06393762459983897,0.0776023983476073,0.4837476099426386,0.1576326467082674,0.1359891585762327,0.012706763382690648,0.77855843,108.53768,0.9534709689865958,0.8843650880454993,0.9639096622188195,0.9682806062926099,0.88502512547547
211,212,4,print,12,quickshift,blend_3,100,100,False,30000,5000,3,5.036744980367723,lm_p_maxloss,107.66289787193251,0.9929053264686337,5.2271959086064035,49.08803,49.08803021351768,5.573966,80.7305231238696,0.4573170731707317,0.05846819843791658,0.07126457590018741,0.4837476099426386,0.1576326467082674,0.1359891585762327,0.012706763382690648,0.77855843,108.53768,0.9534709689865958,0.8771770221906254,0.963272600775335,0.9751783392273384,0.8767752272533936
212,213,4,print,13,quickshift,blend_2,100,100,False,30000,5000,3,1.5813431116501766,lm_p_maxloss,67.15461974701029,0.9887002631399577,2.516121472520561,12.732917,12.7329173025934,5.0875225,38.30325852032062,0.3573667711598746,0.05729832338610066,0.05165941881792368,0.7899159663865546,0.15729335167853797,0.1689235827128684,0.015463286215284219,0.68043476,69.32654,0.9452940493508445,0.9080081213955453,0.9635940199834723,0.9738052796876326,0.9080081213955453
213,214,4,print,13,quickshift,blend_3,100,100,False,30000,5000,3,1.9049959019404694,lm_p_maxloss,67.49691924929388,0.9911979008471082,3.0261514780381806,17.16357,17.163570730194778,2.3780308,41.19135375505121,0.38863287250384027,0.06535897473035396,0.07228375146227307,0.7899159663865546,0.15729335167853797,0.1689235827128684,0.015463286215284219,0.68043476,69.32654,0.9452940493508445,0.9571759320238021,0.9749284597154779,0.9867897559581129,0.9571759320238021
214,215,4,print,14,quickshift,blend_2,100,100,False,30000,5000,3,1.6029246822160341,lm_p_maxloss,80.4590222725529,0.990672069273297,2.0512724447082,9.211414,9.211414631748145,5.201139,41.922427199423446,0.2768361581920904,0.077486684225287,0.06418109479276737,0.4581818181818182,0.16457044705725063,0.13963100812350518,0.014750963334032955,0.7260056,82.43663,0.9633906763800923,0.947136636462001,0.9734776954227772,0.9731122083945709,0.9471121414297345
215,216,4,print,14,quickshift,blend_3,100,100,False,30000,5000,3,1.7708838116736936,lm_p_maxloss,80.73079412042301,0.9892174934223528,2.2545542911646423,10.017872,10.01787152770586,2.2648647,44.23944073340805,0.5147313691507799,0.083388103987118,0.08982353612720242,0.4581818181818182,0.16457044705725063,0.13963100812350518,0.014750963334032955,0.7260056,82.43663,0.9633906763800923,0.9744063919698588,0.9790361292914768,0.9804129615727574,0.97439317522583
216,217,4,print,15,quickshift,blend_2,100,100,False,30000,5000,3,0.7800145652907823,lm_p_maxloss,43.14184991561379,0.9932134762910779,1.898320521477798,5.9512916,5.951291623602832,1.9956883,21.44413867896719,0.22453703703703703,0.03879814340152985,0.032641263309705994,0.4608294930875576,0.10304298767986586,0.10740847686004626,0.0045091950305504724,0.7799317,42.81447,0.9044564274203546,0.8698879385149374,0.9100565265898103,0.9209470683029628,0.8698527333581256
217,218,4,print,15,quickshift,blend_3,100,100,False,30000,5000,3,0.9694327866753542,lm_p_maxloss,43.11577322794729,0.9940534860198956,2.368909393088331,6.6592135,6.659213703117415,1.6007104,24.35209142141128,0.512,0.043356890195336284,0.0584527502551029,0.4608294930875576,0.10304298767986586,0.10740847686004626,0.0045091950305504724,0.7799317,42.81447,0.9044564274203546,0.9059945456799305,0.937325275815049,0.9465984876657989,0.9059945456799307
218,219,4,print,16,quickshift,blend_2,100,100,False,30000,5000,3,3.3089245501290026,lm_p_maxloss,118.47688585700809,0.9966159952855295,2.9440973299842694,26.69782,26.69782155048064,2.4163618,74.52316118018547,0.32323996971990915,0.12269536159331357,0.080142754309246,0.6450511945392492,0.24206585340605044,0.1802087821527669,0.016431441297754645,0.7075079,120.5535,0.9421423453546692,0.939814355296801,0.9743167627691153,0.9795083111299971,0.9397931600284121
219,220,4,print,16,quickshift,blend_3,100,100,False,30000,5000,3,3.2675042583314555,lm_p_maxloss,118.58693408780292,0.9967191883629491,2.9100759002330774,26.909132,26.909131902385752,4.465265,73.91384111169069,0.6253369272237197,0.1377147317682257,0.13014566968203636,0.6450511945392492,0.24206585340605044,0.1802087821527669,0.016431441297754645,0.7075079,120.5535,0.9421423453546692,0.958970957657368,0.9883152036244943,0.9903751080010932,0.9614775997030595
